Date,Symbol,Series,Prev Close,Open Price,High Price,Low Price,Last Price,Close Price,Average Price,Total Traded Quantity,Turnover,No. of Trades,Deliverable Qty,% Dly Qt to Traded Qty,Month,year,Day_Perc_Change,Trend,upper_bb,lower_bb,middle_bb
2017-05-15,LALPATHLAB,EQ,891.15,895.0,914.15,881.0,912.0,900.6,889.35,257655,229145315.95,15451,174775,67.83,5,2017,0.0,Slight or No change,,,
2017-05-16,LALPATHLAB,EQ,900.6,910.0,925.0,895.05,909.4,910.95,914.57,104896,95934298.2,13001,75813,72.27,5,2017,1.1492338441039252,Positive,,,
2017-05-17,LALPATHLAB,EQ,910.95,913.0,925.0,909.0,912.05,911.7,917.19,72460,66459596.4,2802,53829,74.29,5,2017,0.08233163181294856,Slight or No change,,,
2017-05-18,LALPATHLAB,EQ,911.7,908.0,919.35,903.05,906.0,909.75,914.12,37707,34468891.25,2731,24836,65.87,5,2017,-0.21388614675881268,Slight or No change,,,
2017-05-19,LALPATHLAB,EQ,909.75,917.0,917.0,905.8,910.0,910.25,910.61,81082,73833750.25,4430,69926,86.24,5,2017,0.054960153888439216,Slight or No change,,,
2017-05-22,LALPATHLAB,EQ,910.25,909.0,914.0,905.0,907.4,909.85,909.89,150085,136561314.4,3350,136057,90.65,5,2017,-0.04394397143641093,Slight or No change,,,
2017-05-23,LALPATHLAB,EQ,909.85,913.95,913.95,875.0,890.0,886.9,899.58,201776,181513918.55,7913,167269,82.9,5,2017,-2.522393801176026,Negative,,,
2017-05-24,LALPATHLAB,EQ,886.9,886.9,903.05,883.8,893.0,894.7,895.74,84241,75457719.6,4014,67593,80.24,5,2017,0.8794678092231445,Slight Positive,,,
2017-05-25,LALPATHLAB,EQ,894.7,897.9,901.0,894.25,898.2,898.25,899.8,241232,217059869.7,4535,219442,90.97,5,2017,0.3967810439253317,Slight or No change,,,
2017-05-26,LALPATHLAB,EQ,898.25,903.45,907.9,880.0,888.0,893.7,898.82,75168,67562251.0,7428,57741,76.82,5,2017,-0.5065404954077368,Slight Negative,,,
2017-05-29,LALPATHLAB,EQ,893.7,878.0,905.0,878.0,904.0,900.25,899.96,49918,44924155.85,3191,37124,74.37,5,2017,0.7329081347208222,Slight Positive,,,
2017-05-30,LALPATHLAB,EQ,900.25,904.8,916.3,893.0,899.0,901.2,902.58,32083,28957386.7,2375,23103,72.01,5,2017,0.10552624271036316,Slight or No change,,,
2017-05-31,LALPATHLAB,EQ,901.2,903.55,915.0,895.0,895.0,904.15,904.82,274059,247974912.7,7203,250423,91.38,5,2017,0.327341322680863,Slight or No change,,,
2017-06-01,LALPATHLAB,EQ,904.15,916.0,919.8,897.1,898.25,900.6,904.02,108277,97884152.45,4930,71398,65.94,6,2017,-0.3926339656030509,Slight or No change,917.4232301239778,887.2696270188795,902.3464285714286
2017-06-02,LALPATHLAB,EQ,900.6,907.9,912.0,886.95,907.0,903.75,898.44,103386,92885800.85,11005,61235,59.23,6,2017,0.3497668221185801,Slight or No change,917.6299663636433,887.5128907792138,902.5714285714286
2017-06-05,LALPATHLAB,EQ,903.75,910.4,911.55,897.0,906.55,904.5,905.14,95555,86490438.0,5444,77489,81.09,6,2017,0.08298755186721962,Slight or No change,916.4421310159091,887.7792975555194,902.1107142857143
2017-06-06,LALPATHLAB,EQ,904.5,917.0,917.0,899.8,905.5,904.65,904.38,37640,34040841.05,4214,26259,69.76,6,2017,0.01658374792703476,Slight or No change,914.9483374261263,888.2659482881593,901.6071428571428
2017-06-07,LALPATHLAB,EQ,904.65,901.95,916.8,898.45,915.0,914.9,912.86,38911,35520410.9,2980,26762,68.78,6,2017,1.1330348753661568,Positive,916.5136355300942,887.4363644699054,901.9749999999998
2017-06-08,LALPATHLAB,EQ,914.9,915.0,915.9,901.0,901.0,906.5,908.32,80868,73454304.85,4803,67631,83.63,6,2017,-0.9181331293037442,Slight Negative,915.7176255887844,887.696660125501,901.7071428571427
2017-06-09,LALPATHLAB,EQ,906.5,910.0,913.55,891.0,898.55,898.95,898.91,77867,69995419.85,3301,55713,71.55,6,2017,-0.8328736900165445,Slight Negative,914.1807244777767,887.6764183793659,900.9285714285713
2017-06-12,LALPATHLAB,EQ,898.95,900.0,904.7,890.0,893.1,895.25,896.91,37067,33245860.85,4250,21632,58.36,6,2017,-0.4115913009622441,Slight or No change,912.6360305552636,890.4139694447362,901.5249999999999
2017-06-13,LALPATHLAB,EQ,895.25,902.95,912.25,895.1,905.2,907.15,909.2,40144,36498777.15,5721,26407,65.78,6,2017,1.3292376431164543,Positive,913.159118359396,891.669453069175,902.4142857142855
2017-06-14,LALPATHLAB,EQ,907.15,908.0,912.4,897.0,902.5,899.35,902.42,39139,35319823.5,1713,29615,75.67,6,2017,-0.8598357493247999,Slight Negative,913.1219794847178,891.8637348009962,902.492857142857
2017-06-15,LALPATHLAB,EQ,899.35,899.0,903.65,874.0,877.0,879.2,885.85,85093,75379958.0,4265,66135,77.72,6,2017,-2.240507032857064,Negative,917.3161784832145,885.5981072310709,901.4571428571427
2017-06-16,LALPATHLAB,EQ,879.2,880.0,890.0,872.0,884.0,885.35,881.64,35209,31041501.5,3187,18101,51.41,6,2017,0.6994995450409379,Slight Positive,918.448576762662,882.337137523052,900.392857142857
2017-06-19,LALPATHLAB,EQ,885.35,892.0,892.0,860.0,860.6,862.05,868.64,54543,47378334.0,4985,35404,64.91,6,2017,-2.631727565369635,Negative,924.8816588473265,870.3111982955301,897.5964285714283
2017-06-20,LALPATHLAB,EQ,862.05,860.0,868.75,845.0,848.0,852.15,855.15,75476,64543197.7,4853,59972,79.46,6,2017,-1.148425265355835,Negative,930.0393127417718,857.7249729725135,893.8821428571426
2017-06-21,LALPATHLAB,EQ,852.15,850.1,864.75,840.0,857.0,858.25,857.18,58735,50346653.0,8843,37199,63.33,6,2017,0.7158364137769269,Slight Positive,931.4120222400015,850.3022634742836,890.8571428571425
2017-06-22,LALPATHLAB,EQ,858.25,859.0,863.85,838.0,841.4,845.9,844.96,90160,76181998.7,5736,51504,57.13,6,2017,-1.4389746577337603,Negative,933.0055616281325,840.4444383718669,886.7249999999997
2017-06-23,LALPATHLAB,EQ,845.9,845.9,854.85,828.3,847.0,843.8,835.66,71592,59826798.3,3350,48879,68.27,6,2017,-0.2482562950703371,Slight or No change,932.6947247621875,832.0838466663832,882.3892857142854
2017-06-27,LALPATHLAB,EQ,843.8,845.15,845.55,812.0,812.0,818.5,819.48,106466,87246556.35,8111,60925,57.22,6,2017,-2.9983408390613864,Negative,935.1508870548537,817.3205415165742,876.2357142857139
2017-06-28,LALPATHLAB,EQ,818.5,819.65,819.65,790.55,803.1,799.85,798.4,147248,117563097.8,18528,93711,63.64,6,2017,-2.2785583384239416,Negative,935.2147619152421,800.8209523704717,868.0178571428569
2017-06-29,LALPATHLAB,EQ,799.85,790.0,847.75,783.8,833.4,834.8,809.38,177028,143283328.85,16859,79503,44.91,6,2017,4.369569294242659,Among top gainers,928.3662626618257,797.4265944810309,862.8964285714283
2017-06-30,LALPATHLAB,EQ,834.8,834.0,834.0,780.0,780.1,781.95,783.3,2047290,1603652024.2,23920,1226065,59.89,6,2017,-6.330857690464776,Among top losers,929.3830221930975,779.6955492354732,854.5392857142854
2017-07-03,LALPATHLAB,EQ,781.95,783.0,787.45,762.15,775.0,775.45,772.11,219597,169554005.0,10854,97471,44.39,7,2017,-0.8312551953449709,Slight Negative,927.8408542223577,764.1234314919274,845.9821428571425
2017-07-04,LALPATHLAB,EQ,775.45,778.0,787.45,774.0,777.0,779.2,780.15,93822,73195595.7,3500,44063,46.96,7,2017,0.4835901734476789,Slight or No change,917.8494746991533,755.8362395865605,836.8428571428569
2017-07-05,LALPATHLAB,EQ,779.2,781.05,816.7,780.0,807.0,807.1,797.8,608195,485220451.25,10294,381165,62.67,7,2017,3.580595482546189,Among top gainers,904.0440592904974,756.4630835666451,830.2535714285713
2017-07-06,LALPATHLAB,EQ,807.1,807.0,821.5,799.0,803.5,808.3,813.66,131512,107005448.15,4457,82288,62.57,7,2017,0.14868046090941167,Slight or No change,894.0783065942644,756.3002648343065,825.1892857142855
2017-07-07,LALPATHLAB,EQ,808.3,803.5,845.0,801.05,842.0,840.45,823.55,360532,296914972.9,8813,212910,59.05,7,2017,3.977483607571464,Among top gainers,882.4752271045027,761.4890586097824,821.9821428571425
2017-07-10,LALPATHLAB,EQ,840.45,850.0,850.0,833.05,849.9,846.85,843.7,18936,15976307.5,998,10560,55.77,7,2017,0.7614968171812729,Slight Positive,878.7811078821153,763.0117492607415,820.8964285714284
2017-07-11,LALPATHLAB,EQ,846.85,849.0,853.0,837.0,838.0,841.2,844.67,63229,53407854.7,2530,37864,59.88,7,2017,-0.6671783668890541,Slight Negative,876.4551498098331,763.7734216187382,820.1142857142856
2017-07-12,LALPATHLAB,EQ,841.2,842.0,849.85,830.5,839.0,840.6,838.49,49528,41528683.4,2937,25819,52.13,7,2017,-0.07132667617689714,Slight or No change,872.2304097400698,765.476733117073,818.8535714285714
2017-07-13,LALPATHLAB,EQ,840.6,841.0,847.25,835.3,840.0,841.3,842.84,41225,34746127.35,4210,22081,53.56,7,2017,0.083273852010457,Slight or No change,871.2371464618483,765.8128535381514,818.5249999999999
2017-07-14,LALPATHLAB,EQ,841.3,838.0,845.7,826.25,829.0,833.7,832.53,67433,56140326.95,2322,41482,61.52,7,2017,-0.903363841673588,Slight Negative,869.2877656317172,766.3193772254257,817.8035714285714
2017-07-17,LALPATHLAB,EQ,833.7,833.0,881.0,833.0,860.0,860.25,864.28,286783,247862014.2,11696,115596,40.31,7,2017,3.184598776538317,Among top gainers,877.0576697078689,764.5137588635598,820.7857142857143
2017-07-18,LALPATHLAB,EQ,860.25,864.0,879.95,860.5,863.6,864.25,866.57,110168,95468626.6,9846,56765,51.53,7,2017,0.4649811101423929,Slight or No change,884.7304234474792,766.0410051239493,825.3857142857142
2017-07-19,LALPATHLAB,EQ,864.25,867.1,871.8,854.1,857.5,857.6,859.71,67440,57979057.9,4489,39278,58.24,7,2017,-0.7694532831935219,Slight Negative,888.6779694358236,765.3506019927479,827.0142857142857
2017-07-20,LALPATHLAB,EQ,857.6,857.5,858.0,844.25,853.75,848.55,848.99,43563,36984437.95,2481,23840,54.73,7,2017,-1.0552705223880632,Negative,888.5408774825311,775.0019796603259,831.7714285714285
2017-07-21,LALPATHLAB,EQ,848.55,847.9,855.35,835.25,836.55,840.35,842.93,46458,39160913.85,4215,31983,68.84,7,2017,-0.9663543692180698,Slight Negative,883.0634452122426,789.7508405020428,836.4071428571427
2017-07-24,LALPATHLAB,EQ,840.35,852.0,853.15,834.35,838.2,841.1,841.04,90665,76252468.5,4720,52440,57.84,7,2017,0.08924852739928824,Slight or No change,873.8801096049426,807.7770332522,840.8285714285713
2017-07-25,LALPATHLAB,EQ,841.1,835.1,851.0,834.0,837.95,839.35,840.9,42788,35980374.05,3342,25197,58.89,7,2017,-0.2080608726667488,Slight or No change,869.968358546532,816.2959271677535,843.1321428571428
2017-07-26,LALPATHLAB,EQ,839.35,842.05,842.05,835.0,835.0,838.35,839.32,34474,28934761.9,5374,22836,66.24,7,2017,-0.11913981056770327,Slight or No change,863.5557835659962,827.0013592911465,845.2785714285714
2017-07-27,LALPATHLAB,EQ,838.35,841.55,844.8,820.0,826.0,825.85,833.28,96187,80150518.55,10260,76014,79.03,7,2017,-1.4910240353074533,Negative,865.1723376477119,823.2990909237167,844.2357142857143
2017-07-28,LALPATHLAB,EQ,825.85,826.0,841.45,816.3,824.0,833.5,827.56,34630,28658507.4,3312,17741,51.23,7,2017,0.9263183386813534,Slight Positive,864.9104934519175,821.6537922623679,843.2821428571427
2017-07-31,LALPATHLAB,EQ,833.5,840.0,840.0,821.05,826.5,834.0,830.89,57404,47696254.35,4917,21758,37.9,7,2017,0.059988002399524724,Slight or No change,864.9449280163385,820.5907862693755,842.767857142857
2017-08-01,LALPATHLAB,EQ,834.0,836.9,838.0,821.0,822.0,824.1,825.4,39485,32591079.5,1863,22099,55.97,8,2017,-1.1870503597122273,Negative,865.9125312774341,817.266040151137,841.5892857142856
2017-08-02,LALPATHLAB,EQ,824.1,824.3,835.0,822.05,829.05,831.75,827.44,21843,18073802.1,1421,13318,60.97,8,2017,0.9282854022570008,Slight Positive,865.7944537154535,816.0198319988319,840.9071428571427
2017-08-03,LALPATHLAB,EQ,831.75,833.0,833.05,811.2,820.0,826.05,824.47,22980,18946334.6,1813,9965,43.36,8,2017,-0.6853020739404969,Slight Negative,866.2456127215381,814.4758158498902,840.3607142857142
2017-08-04,LALPATHLAB,EQ,826.05,820.0,825.0,810.2,811.0,814.25,816.45,26314,21483948.6,1464,14755,56.07,8,2017,-1.4284849585376125,Negative,863.7504496753957,810.399550324604,837.0749999999998
2017-08-07,LALPATHLAB,EQ,814.25,819.9,858.0,814.25,838.6,831.65,833.61,194729,162327786.85,7249,43964,22.58,8,2017,2.1369358305188824,Positive,856.4271347863557,813.065722356501,834.7464285714284
2017-08-08,LALPATHLAB,EQ,831.65,848.9,856.0,820.0,822.2,826.05,835.69,253921,212199794.5,10893,132139,52.04,8,2017,-0.6733601875789086,Slight Negative,850.1207571069145,814.8649571787993,832.4928571428569
2017-08-09,LALPATHLAB,EQ,826.05,825.0,825.0,805.0,807.0,810.05,813.87,45039,36655701.3,7451,25539,56.7,8,2017,-1.9369287573391405,Negative,848.5527504948155,810.9329637908983,829.7428571428569
2017-08-10,LALPATHLAB,EQ,810.05,807.9,807.9,789.0,800.05,798.7,796.22,39602,31532078.0,2236,24673,62.3,8,2017,-1.4011480772791685,Negative,850.800706685573,802.7350076001408,826.7678571428569
2017-08-11,LALPATHLAB,EQ,798.7,795.95,822.0,775.0,807.0,807.0,796.62,41048,32699781.65,5130,24288,59.17,8,2017,1.0391886816076168,Positive,849.0111780939535,799.6531076203316,824.3321428571426
2017-08-14,LALPATHLAB,EQ,807.0,810.0,820.0,801.15,809.9,806.35,807.56,21768,17578977.05,1681,11194,51.42,8,2017,-0.08054522924411113,Slight or No change,846.7786210135653,797.1713789864341,821.9749999999997
2017-08-16,LALPATHLAB,EQ,806.35,807.0,810.0,793.0,803.7,806.7,806.97,26511,21393640.95,2425,13029,49.15,8,2017,0.04340546908909726,Slight or No change,843.8491449136138,795.579426514957,819.7142857142854
2017-08-17,LALPATHLAB,EQ,806.7,810.0,810.0,804.05,806.0,808.65,809.57,69725,56447166.75,1174,58642,84.1,8,2017,0.24172554853103545,Slight or No change,843.0228894905524,793.9485390808754,818.4857142857139
2017-08-18,LALPATHLAB,EQ,808.65,806.0,810.0,803.75,808.0,808.55,808.57,19285,15593263.75,1015,10487,54.38,8,2017,-0.012366289494836202,Slight or No change,840.1429355668912,793.264207290251,816.7035714285711
2017-08-21,LALPATHLAB,EQ,808.55,808.55,813.65,801.05,806.0,809.55,808.8,27617,22336605.85,1680,15214,55.09,8,2017,0.12367818935130614,Slight or No change,836.403815797712,793.5104699165729,814.9571428571425
2017-08-22,LALPATHLAB,EQ,809.55,808.9,811.0,800.0,810.5,809.95,808.59,38580,31195230.6,1906,22278,57.74,8,2017,0.04941016614170568,Slight or No change,834.864196664081,793.0286604787755,813.9464285714282
2017-08-23,LALPATHLAB,EQ,809.95,809.75,812.75,799.7,810.0,808.8,808.29,33346,26953340.95,2902,19778,59.31,8,2017,-0.1419840730909394,Slight or No change,830.6537567615724,793.9605289527124,812.3071428571424
2017-08-24,LALPATHLAB,EQ,808.8,807.65,810.9,805.0,806.0,807.6,808.73,73050,59077535.7,1790,58481,80.06,8,2017,-0.14836795252224366,Slight or No change,827.6572733908704,794.3212980377002,810.9892857142853
2017-08-28,LALPATHLAB,EQ,807.6,812.0,820.05,805.0,807.0,806.6,807.82,26665,21540441.4,1316,12849,48.19,8,2017,-0.12382367508667612,Slight or No change,827.1518992432308,793.7338150424829,810.4428571428568
2017-08-29,LALPATHLAB,EQ,806.6,807.0,809.9,780.0,799.5,798.0,785.73,366488,287959593.3,6981,279963,76.39,8,2017,-1.0662038184974019,Negative,820.8284144252959,795.2501570032748,808.0392857142854
2017-08-30,LALPATHLAB,EQ,798.0,798.0,807.7,797.95,804.4,804.55,804.01,53744,43210687.7,3451,41790,77.76,8,2017,0.8208020050125331,Slight Positive,814.075733429124,798.9314094280182,806.5035714285711
2017-08-31,LALPATHLAB,EQ,804.55,804.9,848.0,795.0,803.0,810.7,817.69,115384,94348629.8,9417,64430,55.84,8,2017,0.7644024610030664,Slight Positive,814.2231299400506,798.876870059949,806.5499999999998
2017-09-01,LALPATHLAB,EQ,810.7,812.3,820.0,804.0,805.0,810.25,812.58,75586,61419647.25,3115,62733,83.0,9,2017,-0.05550758603676265,Slight or No change,813.793452964813,800.9565470351865,807.3749999999998
2017-09-04,LALPATHLAB,EQ,810.25,810.2,838.0,807.0,825.1,824.1,823.76,68762,56643063.65,9008,39635,57.64,9,2017,1.709348966368407,Positive,819.5871564318151,797.6057007110415,808.5964285714283
2017-09-05,LALPATHLAB,EQ,824.1,830.0,838.0,813.4,828.25,830.55,829.54,50026,41498357.4,3149,26358,52.69,9,2017,0.7826720058245362,Slight Positive,826.2832990225237,794.3667009774757,810.3249999999997
2017-09-06,LALPATHLAB,EQ,830.55,830.05,834.35,820.55,826.25,828.2,829.45,30396,25211846.45,3138,16559,54.48,9,2017,-0.2829450364216335,Slight or No change,830.2666154536053,793.4548131178226,811.8607142857139
2017-09-07,LALPATHLAB,EQ,828.2,824.0,830.55,821.05,828.0,827.65,827.74,20922,17318027.55,2762,9225,44.09,9,2017,-0.06640907993239464,Slight or No change,833.3270439887832,793.1086702969304,813.2178571428568
2017-09-08,LALPATHLAB,EQ,827.65,829.95,848.0,807.3,810.0,811.45,826.03,72941,60251121.25,4333,31608,43.33,9,2017,-1.9573491210052476,Negative,833.3862605583139,793.4637394416858,813.4249999999998
2017-09-11,LALPATHLAB,EQ,811.45,813.0,819.8,796.35,801.2,800.45,807.48,68322,55168820.75,6712,33980,49.74,9,2017,-1.3555980035738546,Negative,833.841844165107,791.7081558348928,812.7749999999999
2017-09-12,LALPATHLAB,EQ,800.45,798.0,814.8,798.0,804.0,804.15,806.04,23645,19058759.25,1744,9935,42.02,9,2017,0.4622399900056085,Slight or No change,833.8899137267388,790.8315148446895,812.3607142857142
2017-09-13,LALPATHLAB,EQ,804.15,805.0,814.9,800.0,801.0,803.15,807.12,32111,25917428.95,2159,15605,48.6,9,2017,-0.12435490891002933,Slight or No change,833.980028057031,789.9342576572544,811.9571428571427
2017-09-14,LALPATHLAB,EQ,803.15,805.0,810.9,800.0,800.1,800.3,802.37,44843,35980748.65,2931,29604,66.02,9,2017,-0.3548527672290413,Slight or No change,834.234986493107,788.6364420783211,811.4357142857141
2017-09-15,LALPATHLAB,EQ,800.3,803.0,811.0,800.0,806.9,808.65,806.72,55105,44454109.95,2845,41375,75.08,9,2017,1.043358740472322,Positive,834.27370710274,788.8905786115452,811.5821428571426
2017-09-18,LALPATHLAB,EQ,808.65,812.35,815.5,804.7,809.0,808.1,808.55,49363,39912368.15,5443,27451,55.61,9,2017,-0.06801459222159911,Slight or No change,833.7426609717292,790.8644818854133,812.3035714285712
2017-09-19,LALPATHLAB,EQ,808.1,813.9,813.9,800.0,800.0,801.55,802.88,62885,50489189.85,5305,48273,76.76,9,2017,-0.8105432495978282,Slight Negative,833.9186300636986,790.2599413648722,812.0892857142854
2017-09-20,LALPATHLAB,EQ,801.55,807.9,809.1,800.0,800.0,802.15,801.95,21349,17120905.95,2433,13698,64.16,9,2017,0.0748549684985278,Slight or No change,833.9444674382224,789.0126754189197,811.4785714285711
2017-09-21,LALPATHLAB,EQ,802.15,802.15,807.95,800.0,800.0,802.7,801.84,40303,32316585.5,2523,22522,55.88,9,2017,0.06856572960169949,Slight or No change,833.8894718563635,787.9890995722075,810.9392857142855
2017-09-22,LALPATHLAB,EQ,802.7,807.0,807.0,780.0,788.0,788.85,797.07,69377,55298483.2,5284,50109,72.23,9,2017,-1.725426684938336,Negative,832.8395087040395,784.0033484388169,808.4214285714282
2017-09-25,LALPATHLAB,EQ,788.85,787.2,807.0,767.0,798.95,797.4,781.29,41470,32400149.9,3077,24423,58.89,9,2017,1.083856246434678,Positive,827.4731334540336,784.6340094031088,806.0535714285712
2017-09-26,LALPATHLAB,EQ,797.4,790.1,809.2,786.0,792.0,800.85,799.54,25812,20637691.4,2148,12215,47.32,9,2017,0.4326561324303979,Slight or No change,821.4140672020442,786.7859327979552,804.0999999999997
2017-09-27,LALPATHLAB,EQ,800.85,800.8,804.0,790.0,795.0,796.5,798.14,21018,16775298.7,2672,13112,62.38,9,2017,-0.5431728788162561,Slight Negative,813.0810938092418,790.6689061907578,801.8749999999998
2017-09-28,LALPATHLAB,EQ,796.5,791.0,801.5,785.0,785.0,789.05,794.6,22199,17639418.55,2948,17278,77.83,9,2017,-0.9353421217828006,Slight Negative,811.9775145226927,788.5724854773066,800.2749999999996
2017-09-29,LALPATHLAB,EQ,789.05,794.0,802.0,781.5,795.05,797.45,792.53,55549,44024514.3,4371,43590,78.47,9,2017,1.0645713199417095,Positive,811.8589004938644,788.2625280775635,800.060714285714
2017-10-03,LALPATHLAB,EQ,797.45,795.05,801.85,775.0,776.95,790.15,794.33,41099,32646158.7,4021,30946,75.3,10,2017,-0.9154178945388504,Slight Negative,811.708497829538,786.4129307418899,799.060714285714
2017-10-04,LALPATHLAB,EQ,790.15,787.0,791.45,778.0,781.5,780.85,784.35,55121,43234154.65,2570,36984,67.1,10,2017,-1.1769917104347272,Negative,813.1500669136991,781.7856473720145,797.4678571428568
2017-10-05,LALPATHLAB,EQ,780.85,782.0,788.0,770.0,777.0,772.75,773.73,69105,53468471.45,2773,56166,81.28,10,2017,-1.0373311135301266,Negative,815.8659973031972,775.1340026968023,795.4999999999998
2017-10-06,LALPATHLAB,EQ,772.75,780.0,780.0,770.1,776.0,778.0,776.93,58460,45419286.9,5355,34689,59.34,10,2017,0.6793917825946405,Slight Positive,814.1709885877467,772.4504399836815,793.3107142857141
2017-10-09,LALPATHLAB,EQ,778.0,782.0,785.0,771.0,775.4,776.65,777.24,30507,23711368.65,1624,14426,47.29,10,2017,-0.17352185089974936,Slight or No change,811.8373980906773,770.2911733378936,791.0642857142855
2017-10-10,LALPATHLAB,EQ,776.65,785.0,785.0,765.0,765.95,766.7,770.91,78451,60478935.45,4304,65835,83.92,10,2017,-1.281143372175364,Negative,812.1047765526022,765.0452234473975,788.5749999999998
2017-10-11,LALPATHLAB,EQ,766.7,765.0,775.0,762.0,768.0,769.7,767.11,34378,26371667.95,1980,23872,69.44,10,2017,0.3912873353332458,Slight or No change,810.4113543753427,762.1029313389428,786.2571428571428
2017-10-12,LALPATHLAB,EQ,769.7,778.0,778.0,766.5,770.0,769.15,769.4,31033,23876920.75,2048,19603,63.17,10,2017,-0.07145641158894378,Slight or No change,807.6419020211891,760.0795265502392,783.8607142857142
2017-10-13,LALPATHLAB,EQ,769.15,770.0,773.0,754.85,764.0,765.25,765.83,33842,25917344.8,2758,22897,67.66,10,2017,-0.5070532405902606,Slight Negative,807.7135304679331,756.6364695320666,782.1749999999998
2017-10-16,LALPATHLAB,EQ,765.25,773.0,773.0,756.9,760.2,759.25,760.16,51996,39525453.45,3937,40054,77.03,10,2017,-0.7840574975498171,Slight Negative,806.1073701744074,752.7926298255923,779.4499999999998
2017-10-17,LALPATHLAB,EQ,759.25,760.0,766.0,756.1,757.0,757.05,758.03,43144,32704545.65,3390,34295,79.49,10,2017,-0.28975963121502524,Slight or No change,802.4351948874694,750.2076622553873,776.3214285714283
2017-10-18,LALPATHLAB,EQ,757.05,758.0,765.0,753.05,754.25,756.7,757.14,159880,121051218.65,9102,139838,87.46,10,2017,-0.0462320850670217,Slight or No change,798.7825606028472,748.1745822542952,773.4785714285712
2017-10-19,LALPATHLAB,EQ,756.7,760.0,764.4,754.3,755.2,759.1,760.33,9872,7505998.05,601,6349,64.31,10,2017,0.31716664464120914,Slight or No change,796.0290587004815,746.6495127280896,771.3392857142856
2017-10-23,LALPATHLAB,EQ,759.1,761.5,763.2,750.5,753.0,756.35,758.02,39830,30191864.2,3249,23236,58.34,10,2017,-0.3622711105256249,Slight or No change,789.1837566756063,747.6233861815361,768.4035714285712
2017-10-24,LALPATHLAB,EQ,756.35,760.0,760.0,723.05,739.0,737.35,734.62,278701,204739238.9,8425,161787,58.05,10,2017,-2.5120645203939973,Negative,787.4739940263267,741.7902916879588,764.6321428571428
2017-10-25,LALPATHLAB,EQ,737.35,750.0,754.0,738.75,743.0,741.55,743.41,82214,61119055.9,10841,52357,63.68,10,2017,0.5696073777717414,Slight Positive,785.7166383828182,737.9333616171814,761.8249999999998
2017-10-26,LALPATHLAB,EQ,741.55,748.9,749.0,740.2,741.0,742.75,743.96,145562,108292533.45,2483,132253,90.86,10,2017,0.16182320814510653,Slight or No change,784.7073488316379,734.6569368826475,759.6821428571427
2017-10-27,LALPATHLAB,EQ,742.75,749.4,749.4,740.0,744.9,743.25,743.73,40375,30028000.65,3793,24584,60.89,10,2017,0.06731740154830579,Slight or No change,781.2740204689293,733.1259795310704,757.1999999999998
2017-10-30,LALPATHLAB,EQ,743.25,748.45,758.7,744.95,749.0,749.0,751.46,493172,370600247.6,3497,472569,95.82,10,2017,0.7736293306424447,Slight Positive,776.8362061386955,733.6137938613041,755.2249999999998
2017-10-31,LALPATHLAB,EQ,749.0,750.0,788.0,750.0,782.0,772.55,765.46,193060,147778835.75,4706,145948,75.6,10,2017,3.144192256341793,Among top gainers,778.4053721162085,732.8803421695053,755.6428571428569
2017-11-01,LALPATHLAB,EQ,772.55,787.9,790.0,775.25,779.9,783.35,781.4,72049,56299371.85,5270,36399,50.52,11,2017,1.3979677690764358,Positive,782.8751816050343,730.3605326806795,756.6178571428569
2017-11-02,LALPATHLAB,EQ,783.35,783.35,814.0,775.75,807.0,809.65,800.05,95724,76583566.2,4709,55305,57.78,11,2017,3.357375374992011,Among top gainers,797.8568940888506,721.1645344825774,759.510714285714
2017-11-03,LALPATHLAB,EQ,809.65,809.65,839.0,809.65,834.0,835.35,824.49,103878,85646510.1,7415,58273,56.1,11,2017,3.1742110788612443,Among top gainers,820.3928633502956,708.6428509354182,764.5178571428569
2017-11-06,LALPATHLAB,EQ,835.35,837.6,840.95,819.3,821.0,827.85,830.0,35920,29813618.85,4562,18363,51.12,11,2017,-0.8978272580355551,Slight Negative,834.5653183619767,704.270395923737,769.4178571428569
2017-11-07,LALPATHLAB,EQ,827.85,830.0,836.0,810.0,815.05,818.6,822.82,36170,29761559.2,2223,21554,59.59,11,2017,-1.1173521773268136,Negative,843.5146160144791,704.1139554140921,773.8142857142856
2017-11-08,LALPATHLAB,EQ,818.6,817.0,821.7,788.7,799.0,800.0,800.59,42816,34278151.9,5539,20293,47.4,11,2017,-2.2721720009772794,Negative,847.1765459497336,706.6377397645516,776.9071428571426
2017-11-09,LALPATHLAB,EQ,800.0,805.0,845.0,790.1,842.8,833.75,815.99,206018,168109260.85,12183,59329,28.8,11,2017,4.218750000000004,Among top gainers,857.8166243871917,706.6619470413793,782.2392857142855
2017-11-10,LALPATHLAB,EQ,833.75,845.0,870.0,810.0,865.0,852.4,836.0,146385,122378203.6,10953,88897,60.73,11,2017,2.236881559220394,Positive,871.6685449513592,706.5314550486402,789.0999999999997
2017-11-13,LALPATHLAB,EQ,852.4,856.0,876.65,851.0,870.1,871.65,867.53,103802,90051221.35,10230,57614,55.5,11,2017,2.2583294228061934,Positive,886.4077875195554,710.9779267661582,798.6928571428568
2017-11-14,LALPATHLAB,EQ,871.65,870.0,901.0,869.95,896.2,897.1,891.17,201575,179637914.8,11985,140117,69.51,11,2017,2.919749899615676,Positive,905.3917784923635,714.2153643647789,809.8035714285712
2017-11-15,LALPATHLAB,EQ,897.1,900.0,907.45,861.2,904.8,900.45,894.43,154259,137974582.2,11199,110755,71.8,11,2017,0.3734254821090133,Slight or No change,919.7356104843144,722.4001038013995,821.067857142857
2017-11-16,LALPATHLAB,EQ,900.45,901.05,908.0,883.0,900.0,897.15,894.35,111661,99863569.85,8639,87365,78.24,11,2017,-0.3664834249542004,Slight or No change,927.6252408437622,736.496187727666,832.0607142857141
2017-11-17,LALPATHLAB,EQ,897.15,905.0,905.0,884.0,900.0,899.95,899.0,116530,104760264.35,5549,82358,70.68,11,2017,0.3120994259599996,Slight or No change,931.8773176895203,753.8083965961936,842.8428571428569
2017-11-20,LALPATHLAB,EQ,899.95,900.0,903.0,894.4,900.0,899.95,898.91,63988,57519719.1,3143,52307,81.75,11,2017,0.0,Slight or No change,935.928184223457,767.9575300622571,851.9428571428571
2017-11-21,LALPATHLAB,EQ,899.95,904.95,904.95,859.95,887.0,887.9,886.3,256644,227464104.15,17478,159995,62.34,11,2017,-1.3389632757375478,Negative,935.3279990163954,783.4934295550328,859.4107142857141
2017-11-22,LALPATHLAB,EQ,887.9,883.0,892.0,864.05,890.0,890.1,885.88,131755,116719426.55,10415,91055,69.11,11,2017,0.2477756504110973,Slight or No change,936.9143494868391,793.3999362274463,865.1571428571427
2017-11-23,LALPATHLAB,EQ,890.1,892.0,892.15,878.0,889.95,889.7,889.0,70265,62465704.7,3997,48776,69.42,11,2017,-0.044938770924607414,Slight or No change,939.7226661847012,798.3559052438702,869.0392857142857
2017-11-24,LALPATHLAB,EQ,889.7,890.0,900.0,881.15,886.0,889.9,891.3,108487,96693988.8,5766,78074,71.97,11,2017,0.022479487467674808,Slight or No change,940.7276632184955,806.2151939243613,873.4714285714284
2017-11-27,LALPATHLAB,EQ,889.9,891.0,894.0,885.0,885.0,889.45,890.75,125760,112020213.5,7629,79702,63.38,11,2017,-0.050567479492069634,Slight or No change,938.2415495009748,818.8227362133107,878.5321428571427
2017-11-28,LALPATHLAB,EQ,889.45,885.05,890.25,881.0,888.0,887.55,888.51,60887,54098906.05,4060,45141,74.14,11,2017,-0.21361515543314447,Slight or No change,923.8259977921642,845.745430779264,884.7857142857141
2017-11-29,LALPATHLAB,EQ,887.55,888.5,891.5,884.0,887.0,886.8,888.72,54249,48211965.5,3263,32704,60.28,11,2017,-0.08450228156160478,Slight or No change,914.3065056810839,862.8434943189158,888.5749999999998
2017-11-30,LALPATHLAB,EQ,886.8,887.0,890.0,876.0,890.0,889.8,887.46,77403,68691951.95,3596,59692,77.12,11,2017,0.3382949932341006,Slight or No change,906.384941062418,876.1079160804388,891.2464285714284
2017-12-01,LALPATHLAB,EQ,889.8,886.0,890.0,882.0,890.0,889.25,889.26,75759,67369128.3,3573,38057,50.23,12,2017,-0.06181164306585664,Slight or No change,902.7716297639291,882.2355130932134,892.5035714285713
2017-12-04,LALPATHLAB,EQ,889.25,886.3,890.35,855.05,887.05,887.2,878.76,42778,37591494.5,7221,19655,45.95,12,2017,-0.2305313466404169,Slight or No change,902.0644869067862,881.5283702360707,891.7964285714285
2017-12-05,LALPATHLAB,EQ,887.2,884.0,884.25,864.15,870.0,873.15,873.25,20141,17588106.8,1247,8738,43.38,12,2017,-1.5836339044184022,Negative,902.9991097421369,876.6937474007198,889.8464285714283
2017-12-06,LALPATHLAB,EQ,873.15,870.0,890.0,862.0,890.0,889.2,881.01,37807,33308269.8,3122,18419,48.72,12,2017,1.8381721353719405,Positive,901.741298274645,876.8158445824974,889.2785714285712
2017-12-07,LALPATHLAB,EQ,889.2,888.95,890.95,873.05,890.0,889.8,885.74,65014,57585274.35,2279,40534,62.35,12,2017,0.06747638326585204,Slight or No change,899.420915898333,877.6862269588095,888.5535714285712
2017-12-08,LALPATHLAB,EQ,889.8,890.0,896.0,883.0,883.0,888.25,888.97,32187,28613433.0,2184,17379,53.99,12,2017,-0.1741964486401404,Slight or No change,896.3871315462658,879.0485827394479,887.7178571428568
2017-12-11,LALPATHLAB,EQ,888.25,891.0,891.0,884.15,887.0,886.75,887.78,32278,28655671.8,3235,24767,76.73,12,2017,-0.16887137630171578,Slight or No change,896.3193353463981,878.9520932250299,887.635714285714
2017-12-12,LALPATHLAB,EQ,886.75,889.0,889.0,878.0,881.0,881.7,884.96,22536,19943427.5,1833,10292,45.67,12,2017,-0.569495348181559,Slight Negative,896.1366380403168,877.9347905311112,887.035714285714
2017-12-13,LALPATHLAB,EQ,881.7,885.0,887.5,878.0,887.0,885.0,884.93,40275,35640498.75,2091,17630,43.77,12,2017,0.3742769649540678,Slight or No change,895.7239851336636,877.6760148663358,886.6999999999997
2017-12-14,LALPATHLAB,EQ,885.0,885.35,889.85,865.2,889.0,888.7,880.53,34003,29940525.8,4088,16542,48.65,12,2017,0.4180790960452097,Slight or No change,895.5294783280734,877.6990931004976,886.6142857142855
2017-12-15,LALPATHLAB,EQ,888.7,890.95,898.75,883.25,886.2,889.0,891.75,24321,21688369.4,2176,9744,40.06,12,2017,0.033757173399351366,Slight or No change,895.4564451823128,877.7078405319724,886.5821428571426
2017-12-18,LALPATHLAB,EQ,889.0,883.0,892.6,868.0,892.4,891.35,889.12,21430,19053902.9,1795,11881,55.44,12,2017,0.26434195725535403,Slight or No change,896.0808273992016,877.6263154579408,886.8535714285712
2017-12-19,LALPATHLAB,EQ,891.35,887.1,889.9,868.0,873.55,872.6,882.19,127448,112433265.1,5633,101426,79.58,12,2017,-2.1035507937398283,Negative,897.8068173389394,873.8717540896317,885.8392857142856
2017-12-20,LALPATHLAB,EQ,872.6,877.0,890.0,868.1,890.0,886.05,877.08,26448,23197048.95,3479,11282,42.66,12,2017,1.5413706165482433,Positive,897.3230055056035,873.8198516372534,885.5714285714284
2017-12-21,LALPATHLAB,EQ,886.05,885.0,893.8,880.05,890.0,887.85,886.13,64948,57552674.6,4995,42405,65.29,12,2017,0.2031488065007636,Slight or No change,897.1114599146252,873.8313972282316,885.4714285714284
2017-12-22,LALPATHLAB,EQ,887.85,887.05,899.0,875.0,877.0,883.7,891.16,63631,56705306.55,4873,37074,58.26,12,2017,-0.4674212986427895,Slight or No change,896.8518736509396,873.5909834919172,885.2214285714284
2017-12-26,LALPATHLAB,EQ,883.7,879.0,885.0,869.3,872.0,873.4,874.57,28552,24970638.5,2001,15460,54.15,12,2017,-1.1655539210139287,Negative,896.7903881306457,873.6881832979255,885.2392857142856
2017-12-27,LALPATHLAB,EQ,873.4,875.0,882.35,862.0,870.0,868.7,874.69,21780,19050854.15,2798,10763,49.42,12,2017,-0.5381268605449852,Slight Negative,898.0415153958045,869.5084846041952,883.7749999999999
2017-12-28,LALPATHLAB,EQ,868.7,866.75,900.0,865.05,897.0,891.75,880.98,36243,31929256.15,2009,19289,53.22,12,2017,2.653390123172561,Positive,898.4693497852599,869.3592216433116,883.9142857142857
2017-12-29,LALPATHLAB,EQ,891.75,896.95,906.0,871.1,882.0,881.3,892.9,143677,128288736.35,6719,53389,37.16,12,2017,-1.1718530978413244,Negative,897.8090727938144,869.0266414918998,883.4178571428571
2018-01-01,LALPATHLAB,EQ,881.3,882.05,897.05,873.0,881.45,884.65,884.33,28022,24780590.55,1536,13422,47.9,1,2018,0.3801202768637157,Slight or No change,897.5528469596613,868.9828673260527,883.267857142857
2018-01-02,LALPATHLAB,EQ,884.65,881.45,888.0,875.9,888.0,882.35,881.48,18836,16603573.35,1033,11312,60.06,1,2018,-0.2599898264850409,Slight or No change,897.5815386206714,869.0470328078998,883.3142857142856
2018-01-03,LALPATHLAB,EQ,882.35,888.0,890.0,881.0,887.75,885.8,886.77,99449,88188532.2,3128,81651,82.1,1,2018,0.39100130333766797,Slight or No change,897.6741294613835,869.0687276814733,883.3714285714284
2018-01-04,LALPATHLAB,EQ,885.8,887.0,900.0,882.2,896.0,896.2,894.96,37936,33951120.4,2522,23180,61.1,1,2018,1.1740799277489389,Positive,899.5670307211204,868.2472549931648,883.9071428571426
2018-01-05,LALPATHLAB,EQ,896.2,898.0,900.05,888.05,895.0,899.0,898.58,50176,45087017.85,2879,35009,69.77,1,2018,0.3124302611024365,Slight or No change,902.0898050221592,867.1530521206976,884.6214285714284
2018-01-08,LALPATHLAB,EQ,899.0,899.0,903.85,888.95,898.05,896.2,895.28,569485,509847214.0,7173,543231,95.39,1,2018,-0.3114571746384853,Slight or No change,903.1872722792536,866.7484420064602,884.9678571428569
2018-01-09,LALPATHLAB,EQ,896.2,899.95,900.85,881.0,891.0,888.5,888.63,38689,34380168.15,3031,23442,60.59,1,2018,-0.8591832180316894,Slight Negative,902.931042754028,869.2761001031143,886.1035714285712
2018-01-10,LALPATHLAB,EQ,888.5,891.0,893.1,880.8,883.0,883.05,884.73,36733,32498897.4,1568,29493,80.29,1,2018,-0.6133933595948271,Slight Negative,902.7959152092321,868.9826562193389,885.8892857142855
2018-01-11,LALPATHLAB,EQ,883.05,884.0,885.9,875.95,881.5,879.55,880.01,26344,23183085.55,1659,19843,75.32,1,2018,-0.3963535473642477,Slight or No change,902.4866075334846,868.1062496093718,885.2964285714282
2018-01-12,LALPATHLAB,EQ,879.55,879.0,930.0,877.0,910.0,918.05,912.71,234621,214140420.7,19745,113582,48.41,1,2018,4.37723836052526,Among top gainers,912.2219619785009,863.2780380214984,887.7499999999997
2018-01-15,LALPATHLAB,EQ,918.05,922.0,924.0,909.0,910.0,912.15,913.53,77888,71153333.55,5531,55846,71.7,1,2018,-0.6426665214312899,Slight Negative,916.7037784084484,864.3319358772651,890.5178571428568
2018-01-16,LALPATHLAB,EQ,912.15,909.0,915.0,881.1,915.0,914.7,908.76,90846,82557430.75,9658,64667,71.18,1,2018,0.27955928301266475,Slight or No change,919.7392748947588,867.8678679623832,893.803571428571
2018-01-17,LALPATHLAB,EQ,914.7,911.0,920.0,886.0,914.0,915.7,908.15,38054,34558915.5,3962,19065,50.1,1,2018,0.1093254619000783,Slight or No change,923.9093673190453,867.1192041095255,895.5142857142854
2018-01-18,LALPATHLAB,EQ,915.7,914.05,916.95,900.0,901.0,905.65,906.63,25155,22806198.3,2840,13850,55.06,1,2018,-1.0975210221688347,Negative,924.870440974499,869.6367018826433,897.2535714285711
2018-01-19,LALPATHLAB,EQ,905.65,911.95,911.95,892.0,899.0,903.05,901.84,34016,30676885.75,2168,26796,78.77,1,2018,-0.2870866228675606,Slight or No change,925.3393289607645,871.7963853249491,898.5678571428568
2018-01-22,LALPATHLAB,EQ,903.05,902.0,926.85,891.25,907.1,913.05,908.34,51859,47105475.1,6524,28158,54.3,1,2018,1.1073583965450329,Positive,926.8298879048976,874.6915406665302,900.7607142857139
2018-01-23,LALPATHLAB,EQ,913.05,915.0,917.0,895.3,912.0,909.9,906.41,31015,28112398.85,5660,18770,60.52,1,2018,-0.3449975357318835,Slight or No change,927.4555011890521,877.5087845252327,902.4821428571424
2018-01-24,LALPATHLAB,EQ,909.9,909.9,913.0,899.0,899.0,909.4,909.66,519562,472623575.05,13382,497343,95.72,1,2018,-0.05495109352675609,Slight or No change,928.3733697633025,878.4766302366965,903.4249999999995
2018-01-25,LALPATHLAB,EQ,909.4,903.0,915.0,895.0,895.1,898.9,901.22,295117,265964765.6,5936,280798,95.15,1,2018,-1.1546074334726208,Negative,928.3717409824849,878.4639733032284,903.4178571428566
2018-01-29,LALPATHLAB,EQ,898.9,898.0,905.0,892.15,898.15,900.55,899.76,21716,19539206.5,2865,12641,58.21,1,2018,0.1835576816108464,Slight or No change,928.4020612283831,879.0550816287586,903.7285714285708
2018-01-30,LALPATHLAB,EQ,900.55,898.0,899.35,877.0,892.4,890.8,885.95,25156,22286931.15,1852,11093,44.1,1,2018,-1.0826717006273912,Negative,928.1567859623735,879.6289283233396,903.8928571428565
2018-01-31,LALPATHLAB,EQ,890.8,891.0,919.0,883.0,913.55,903.7,886.35,459008,406841932.65,1950,444228,96.78,1,2018,1.4481365065110108,Positive,926.4796696271975,884.2560446585156,905.3678571428566
2018-02-01,LALPATHLAB,EQ,903.7,913.95,915.0,901.0,905.0,910.45,907.7,35347,32084382.65,3342,20473,57.92,2,2018,0.7469292906938207,Slight Positive,922.6605891499252,892.489410850074,907.5749999999996
2018-02-02,LALPATHLAB,EQ,910.45,908.0,912.0,876.0,901.0,906.0,896.69,37267,33416816.35,3780,21770,58.42,2,2018,-0.4887692899115837,Slight or No change,920.5484924037065,892.8800790248641,906.7142857142853
2018-02-05,LALPATHLAB,EQ,906.0,895.0,903.45,882.05,891.0,890.6,894.94,46729,41819876.7,2572,33931,72.61,2,2018,-1.6997792494481192,Negative,921.0490596329705,889.3009403670287,905.1749999999996
2018-02-06,LALPATHLAB,EQ,890.6,876.0,880.0,851.2,863.0,869.6,868.42,28053,24361880.7,3905,15093,53.8,2,2018,-2.3579609252189493,Negative,925.8025986393702,878.104544217772,901.9535714285711
2018-02-07,LALPATHLAB,EQ,869.6,866.3,879.8,866.3,869.1,873.4,873.2,17296,15102844.65,1689,7026,40.62,2,2018,0.4369825206991696,Slight or No change,925.8053954198122,872.0588902944726,898.9321428571424
2018-02-08,LALPATHLAB,EQ,873.4,876.45,899.85,867.2,887.0,893.2,888.83,77765,69120007.6,2831,53780,69.16,2,2018,2.267002518891692,Positive,924.7821355734603,871.3035787122532,898.0428571428567
2018-02-09,LALPATHLAB,EQ,893.2,897.95,910.0,870.0,909.0,898.45,889.27,47015,41809238.45,3737,20682,43.99,2,2018,0.5877742946708508,Slight Positive,924.3011369633708,871.1274344652,897.7142857142854
2018-02-12,LALPATHLAB,EQ,898.45,910.2,910.2,887.1,910.0,908.9,903.46,59377,53644483.8,1850,36461,61.41,2,2018,1.1631142523234272,Positive,923.3527047167612,871.4830095689525,897.4178571428569
2018-02-14,LALPATHLAB,EQ,908.9,910.0,910.1,898.05,908.0,902.75,902.19,39037,35218601.45,6177,23206,59.45,2,2018,-0.6766420948399188,Slight Negative,922.0527452297574,871.7615404845278,896.9071428571426
2018-02-15,LALPATHLAB,EQ,902.75,905.0,905.7,899.9,903.2,902.25,902.07,13461,12142697.9,1628,8631,64.12,2,2018,-0.055386319579064924,Slight or No change,920.7262287314072,872.0666284114495,896.3964285714284
2018-02-16,LALPATHLAB,EQ,902.25,902.95,924.95,899.15,913.0,914.95,907.8,37776,34293043.35,1988,26719,70.73,2,2018,1.4075921307841632,Positive,923.8157989752406,871.2699153104736,897.5428571428571
2018-02-19,LALPATHLAB,EQ,914.95,914.85,915.0,890.0,906.8,901.5,904.21,134078,121235274.35,2202,121114,90.33,2,2018,-1.4700256844636383,Negative,923.9219923171722,871.2994362542563,897.6107142857143
2018-02-20,LALPATHLAB,EQ,901.5,909.0,912.75,899.9,907.5,906.1,903.91,17332,15666513.9,1848,10394,59.97,2,2018,0.5102606766500317,Slight Positive,925.0671962606398,872.3399465965031,898.7035714285714
2018-02-21,LALPATHLAB,EQ,906.1,905.95,910.0,901.25,906.95,905.1,905.43,30252,27391032.55,732,26611,87.96,2,2018,-0.11036309458116733,Slight or No change,925.2592953776655,872.3478474794774,898.8035714285714
2018-02-22,LALPATHLAB,EQ,905.1,900.0,914.0,900.0,914.0,905.85,903.1,13457,12152952.3,1740,7988,59.36,2,2018,0.08286377195889649,Slight or No change,924.4169099587526,872.5330900412474,898.475
2018-02-23,LALPATHLAB,EQ,905.85,913.0,913.0,901.0,910.0,905.6,905.95,13420,12157850.3,833,9010,67.14,2,2018,-0.027598388254124195,Slight or No change,924.3534951537615,872.5393619890956,898.4464285714286
2018-02-26,LALPATHLAB,EQ,905.6,906.0,912.0,904.0,912.0,909.55,907.48,7576,6875075.8,657,5520,72.86,2,2018,0.4361749116607694,Slight or No change,925.9204016932305,873.6795983067694,899.8
2018-02-27,LALPATHLAB,EQ,909.55,909.15,910.9,906.0,910.9,907.65,908.02,11222,10189764.2,1792,7810,69.6,2,2018,-0.20889450827331624,Slight or No change,922.235580803918,882.800133481796,902.517857142857
2018-02-28,LALPATHLAB,EQ,907.65,909.65,912.9,905.0,912.5,911.6,908.91,13325,12111212.55,2995,8063,60.51,2,2018,0.4351897757946421,Slight or No change,916.2564564681261,894.2364006747309,905.2464285714285
2018-03-01,LALPATHLAB,EQ,911.6,908.0,914.9,908.0,909.0,910.5,910.08,416646,379179626.2,1120,409538,98.29,3,2018,-0.12066695919262793,Slight or No change,915.3412630724553,897.6230226418303,906.4821428571428
2018-03-05,LALPATHLAB,EQ,910.5,909.0,912.0,909.0,911.95,910.65,910.3,11483,10452964.1,1034,6418,55.89,3,2018,0.016474464579907533,Slight or No change,915.1450326607288,899.5621101964135,907.3535714285712
2018-03-06,LALPATHLAB,EQ,910.65,908.0,910.95,891.0,899.8,897.4,907.02,12325,11178961.35,815,8913,72.32,3,2018,-1.4550046669961068,Negative,915.8888851520855,897.1754005621997,906.5321428571426
2018-03-07,LALPATHLAB,EQ,897.4,896.1,896.1,870.0,877.0,875.2,884.74,11273,9973711.45,766,6097,54.08,3,2018,-2.4738132382438054,Negative,923.7613779849577,885.3671934436135,904.5642857142856
2018-03-08,LALPATHLAB,EQ,875.2,875.0,896.0,864.2,890.0,891.15,880.45,9956,8765745.2,922,5244,52.67,3,2018,1.822440585009133,Positive,924.2540934478527,883.288763695004,903.7714285714284
2018-03-09,LALPATHLAB,EQ,891.15,894.0,894.0,881.1,891.0,888.05,886.05,10584,9377989.8,770,7345,69.4,3,2018,-0.3478651181058168,Slight or No change,922.8556402682054,880.8443597317939,901.8499999999997
2018-03-12,LALPATHLAB,EQ,888.05,890.0,928.5,885.0,917.0,916.75,907.38,26002,23593647.5,1400,15680,60.3,3,2018,3.2318000112606216,Among top gainers,925.3981088416018,880.4804625869691,902.9392857142855
2018-03-13,LALPATHLAB,EQ,916.75,902.1,914.35,901.1,910.0,908.3,908.54,34945,31748773.25,2381,25981,74.35,3,2018,-0.9217343877829354,Slight Negative,925.6809523495834,880.511904793273,903.0964285714282
2018-03-14,LALPATHLAB,EQ,908.3,908.0,913.25,894.0,900.0,900.05,904.63,72338,65438867.55,1907,58289,80.58,3,2018,-0.9082902124848636,Slight Negative,925.3436920665991,880.1277365048285,902.7357142857138
2018-03-15,LALPATHLAB,EQ,900.05,900.0,909.8,896.15,898.0,903.95,904.98,6826,6177410.85,1099,3638,53.3,3,2018,0.4333092605966371,Slight or No change,925.150183352494,880.0498166475052,902.5999999999996
2018-03-16,LALPATHLAB,EQ,903.95,897.0,916.0,876.55,913.0,894.8,893.52,41278,36882870.35,4612,32993,79.93,3,2018,-1.0122241274406862,Negative,924.6736589087792,878.9834839483627,901.828571428571
2018-03-19,LALPATHLAB,EQ,894.8,907.0,907.85,876.05,880.0,880.45,887.32,11474,10181118.35,1028,6527,56.89,3,2018,-1.603710326329899,Negative,924.7614127795912,874.7385872204081,899.7499999999997
2018-03-20,LALPATHLAB,EQ,880.45,880.95,883.55,846.55,852.1,869.2,870.06,25623,22293445.05,1998,15661,61.12,3,2018,-1.277755693111482,Negative,926.3471453361692,867.6599975209731,897.0035714285711
2018-03-21,LALPATHLAB,EQ,869.2,866.0,884.0,864.0,882.55,880.7,876.56,21067,18466451.5,4540,12673,60.16,3,2018,1.3230556833870202,Positive,924.0588871748474,865.533969968009,894.7964285714282
2018-03-22,LALPATHLAB,EQ,880.7,879.0,896.85,865.0,865.0,870.6,881.97,15210,13414766.15,3133,9051,59.51,3,2018,-1.1468150334960847,Negative,922.3695843346582,861.5232728081985,891.9464285714283
2018-03-23,LALPATHLAB,EQ,870.6,865.0,868.0,822.65,845.2,851.45,845.57,55677,47078655.65,10100,37209,66.83,3,2018,-2.19963243739949,Negative,923.0096214282248,852.426092857489,887.7178571428569
2018-03-26,LALPATHLAB,EQ,851.45,851.0,882.95,843.0,860.15,860.25,864.27,25279,21847867.75,4946,12156,48.09,3,2018,1.033531035292734,Positive,922.7270081243955,847.4015633041756,885.0642857142856
2018-03-27,LALPATHLAB,EQ,860.25,858.0,890.0,858.0,869.1,870.5,882.17,33774,29794337.55,4581,22124,65.51,3,2018,1.1915140947398983,Positive,922.8510403591504,846.606102497992,884.7285714285712
2018-03-28,LALPATHLAB,EQ,870.5,874.0,899.0,855.1,865.05,876.3,879.35,45168,39718628.3,8551,25568,56.61,3,2018,0.6662837449741499,Slight Positive,921.8470018152094,845.4887124705043,883.6678571428569
2018-04-02,LALPATHLAB,EQ,876.3,876.3,884.8,867.0,868.0,871.65,876.74,12628,11071444.0,2439,6667,52.8,4,2018,-0.5306401917151593,Slight Negative,921.1004033425864,843.8924538002703,882.4964285714284
2018-04-03,LALPATHLAB,EQ,871.65,870.0,878.85,856.15,878.0,868.75,869.03,9000,7821303.45,959,5446,60.51,4,2018,-0.3327023461251577,Slight or No change,912.7836513678209,845.352062917893,879.067857142857
2018-04-04,LALPATHLAB,EQ,868.75,869.05,883.0,842.0,848.0,852.1,864.75,325197,281214861.9,3448,315251,96.94,4,2018,-1.9165467625899213,Negative,907.1188765293983,842.9882663277443,875.0535714285713
2018-04-05,LALPATHLAB,EQ,852.1,853.0,879.8,853.0,873.85,876.65,869.13,15513,13482793.2,3608,9754,62.88,4,2018,2.881117239760589,Positive,902.0994013277256,844.66488438656,873.3821428571428
2018-04-06,LALPATHLAB,EQ,876.65,872.0,907.0,860.0,870.5,872.2,880.8,61657,54307567.85,5977,23302,37.79,4,2018,-0.5076142131979601,Slight Negative,893.8178072497262,848.410764178845,871.1142857142856
2018-04-09,LALPATHLAB,EQ,872.2,871.0,882.0,865.05,871.0,870.25,873.42,14399,12576371.7,4061,8156,56.64,4,2018,-0.22357257509746373,Slight or No change,887.5214995352416,851.199929036187,869.3607142857143
2018-04-10,LALPATHLAB,EQ,870.25,870.25,879.0,867.05,873.0,873.7,875.55,7922,6936077.7,2848,5065,63.94,4,2018,0.3964378052283779,Slight or No change,886.1055500147634,851.6515928423794,868.8785714285714
2018-04-11,LALPATHLAB,EQ,873.7,876.0,879.8,867.35,879.0,878.95,878.21,25934,22775380.0,6023,18731,72.23,4,2018,0.6008927549502108,Slight Positive,887.6265394613147,851.5234605386852,869.5749999999999
2018-04-12,LALPATHLAB,EQ,878.95,876.0,883.0,873.5,880.0,881.5,880.56,17656,15547169.2,2580,14235,80.62,4,2018,0.29011889185959205,Slight or No change,887.8397746950063,851.4245110192792,869.6321428571428
2018-04-13,LALPATHLAB,EQ,881.5,881.0,884.0,859.05,880.0,875.1,877.39,29107,25538177.85,2744,22064,75.8,4,2018,-0.7260351673284204,Slight Negative,888.3922208153652,851.5149220417774,869.9535714285713
2018-04-16,LALPATHLAB,EQ,875.1,878.05,881.0,868.9,868.9,874.85,875.92,49691,43525392.55,1570,45832,92.23,4,2018,-0.028568163638442726,Slight or No change,886.7900280884476,856.4599719115522,871.6249999999999
2018-04-17,LALPATHLAB,EQ,874.85,873.65,874.85,850.0,851.1,856.95,866.82,27521,23855789.0,2613,22000,79.94,4,2018,-2.04606503972109,Negative,887.3952066654472,855.3833647631241,871.3892857142856
2018-04-18,LALPATHLAB,EQ,856.95,857.1,869.95,851.45,852.0,855.2,862.47,129416,111617204.7,4558,111336,86.03,4,2018,-0.20421261450492836,Slight or No change,888.5020686225407,852.0907885203164,870.2964285714286
2018-04-19,LALPATHLAB,EQ,855.2,855.8,860.0,851.9,857.0,854.15,857.79,19527,16750015.8,1622,16637,85.2,4,2018,-0.12277829747427972,Slight or No change,888.4573829918209,848.9711884367505,868.7142857142857
2018-04-20,LALPATHLAB,EQ,854.15,851.75,857.9,843.1,847.0,846.3,848.66,23783,20183583.95,2863,19310,81.19,4,2018,-0.9190423227770306,Slight Negative,889.8730985422169,843.9340443149258,866.9035714285714
2018-04-23,LALPATHLAB,EQ,846.3,840.0,851.15,840.0,848.0,846.9,848.04,20302,17216875.05,2441,17176,84.6,4,2018,0.07089684509040682,Slight or No change,890.6248317840627,840.0608825016513,865.342857142857
2018-04-24,LALPATHLAB,EQ,846.9,850.0,850.0,840.3,842.0,843.0,846.78,22266,18854481.35,3199,18345,82.39,4,2018,-0.460503010981228,Slight or No change,891.8405686810064,837.5451456047077,864.6928571428571
2018-04-25,LALPATHLAB,EQ,843.0,849.9,849.9,845.1,846.05,847.6,848.66,42533,36096028.4,7070,38595,90.74,4,2018,0.5456702253855417,Slight Positive,890.264851892407,834.9708623933072,862.6178571428571
2018-04-26,LALPATHLAB,EQ,847.6,849.9,849.9,844.05,848.0,847.85,847.82,13227,11214138.7,3727,9989,75.52,4,2018,0.029495044832472676,Slight or No change,888.988676764168,832.7684660929748,860.8785714285714
2018-04-27,LALPATHLAB,EQ,847.85,845.1,849.4,841.0,847.9,847.7,847.21,19629,16629837.6,3116,15710,80.03,4,2018,-0.017691808692577027,Slight or No change,887.6477418703039,830.8879724154103,859.2678571428571
2018-04-30,LALPATHLAB,EQ,847.7,848.0,852.4,841.2,846.0,844.25,847.0,15081,12773661.15,2757,11104,73.63,4,2018,-0.4069836026896368,Slight or No change,885.3008053331732,829.0277660953982,857.1642857142857
2018-05-02,LALPATHLAB,EQ,844.25,844.25,848.85,831.05,843.6,838.8,842.7,11980,10095515.85,3092,7054,58.88,5,2018,-0.6455433816997425,Slight Negative,881.0165870315155,827.5762701113414,854.2964285714285
2018-05-03,LALPATHLAB,EQ,838.8,838.8,842.8,835.0,835.0,837.75,840.13,9527,8003953.3,2725,5945,62.4,5,2018,-0.1251788268955556,Slight or No change,874.1592084115591,828.1836487312978,851.1714285714285
2018-05-04,LALPATHLAB,EQ,837.75,839.0,842.95,832.7,839.0,838.2,839.06,8836,7413912.2,3238,5353,60.58,5,2018,0.05371530886302267,Slight or No change,867.8775552835898,829.1938732878384,848.5357142857141
2018-05-07,LALPATHLAB,EQ,838.2,840.0,840.4,826.2,833.0,833.95,833.46,42001,35006035.4,3399,38107,90.73,5,2018,-0.5070388928656633,Slight Negative,859.3889798235023,831.839591605069,845.6142857142856
2018-05-08,LALPATHLAB,EQ,833.95,834.8,839.7,820.5,835.0,835.35,828.52,109439,90672750.2,3938,86667,79.19,5,2018,0.16787577192876044,Slight or No change,857.2002995338356,830.9425576090213,844.0714285714284
2018-05-09,LALPATHLAB,EQ,835.35,842.5,847.95,824.0,827.0,828.6,833.36,28997,24164836.05,4343,10364,35.74,5,2018,-0.8080445322319996,Slight Negative,856.0408589455059,828.301998197351,842.1714285714285
2018-05-10,LALPATHLAB,EQ,828.6,831.15,836.0,820.0,825.45,829.95,830.28,108762,90302551.9,3536,97932,90.04,5,2018,0.16292541636495628,Slight or No change,853.9075606954244,826.9781535902897,840.4428571428571
2018-05-11,LALPATHLAB,EQ,829.95,839.9,839.9,811.0,812.0,817.0,824.81,22171,18286926.05,4105,5564,25.1,5,2018,-1.5603349599373484,Negative,856.2657000335623,820.4342999664377,838.35
2018-05-14,LALPATHLAB,EQ,817.0,827.9,828.0,798.4,808.95,807.1,816.75,45077,36816819.05,4932,18083,40.12,5,2018,-1.2117503059975498,Negative,859.2588992988506,811.7553864154352,835.5071428571429
2018-05-15,LALPATHLAB,EQ,807.1,828.0,932.5,825.0,892.0,887.7,861.5,1136557,979145284.1,42803,545124,47.96,5,2018,9.986370957749966,Bull run,875.3215783384643,802.0784216615358,838.7
2018-05-16,LALPATHLAB,EQ,887.7,884.9,909.0,856.05,889.0,889.7,883.62,228078,201535235.75,17845,75057,32.91,5,2018,0.2253013405429716,Slight or No change,887.2935588018253,796.1207269124606,841.7071428571429
2018-05-17,LALPATHLAB,EQ,889.7,889.0,889.0,857.55,865.0,866.4,879.24,156978,138021952.85,5958,124299,79.18,5,2018,-2.618860289985392,Negative,890.4300267297872,795.6342589844987,843.032142857143
2018-05-18,LALPATHLAB,EQ,866.4,868.0,883.0,862.0,865.0,867.35,874.7,177478,155240867.35,4892,149908,84.47,5,2018,0.10964912280702066,Slight or No change,893.5613214038513,795.3101071675774,844.4357142857143
2018-05-21,LALPATHLAB,EQ,867.35,864.4,909.65,850.0,895.0,890.25,885.73,122445,108453517.8,8095,68877,56.25,5,2018,2.640225975673016,Positive,902.6089459177236,792.8339112251336,847.7214285714286
2018-05-22,LALPATHLAB,EQ,890.25,897.0,899.0,865.1,869.0,874.9,879.39,66690,58646196.4,7965,27797,41.68,5,2018,-1.724234765515309,Negative,906.7516811768488,793.8483188231513,850.3000000000001
2018-05-23,LALPATHLAB,EQ,874.9,875.0,898.9,851.25,866.55,882.5,883.54,92296,81547101.9,6350,39719,43.03,5,2018,0.8686707052234509,Slight Positive,911.9202707051894,795.0725864376678,853.4964285714286
2018-05-24,LALPATHLAB,EQ,882.5,875.0,895.8,867.4,890.0,890.05,887.53,98799,87687508.4,7000,74410,75.31,5,2018,0.8555240793201024,Slight Positive,917.9732861353783,796.4267138646215,857.1999999999999
2018-05-25,LALPATHLAB,EQ,890.05,892.0,898.8,870.0,888.0,890.0,884.0,183672,162366134.4,12114,122257,66.56,5,2018,-0.005617661929102624,Slight or No change,922.7588057156092,799.6483371415334,861.2035714285713
2018-05-28,LALPATHLAB,EQ,890.0,889.0,899.9,880.0,881.9,881.9,890.11,21618,19242463.85,3350,10702,49.51,5,2018,-0.9101123595505634,Slight Negative,925.0889254856336,803.9682173715089,864.5285714285712
2018-05-29,LALPATHLAB,EQ,881.9,882.95,889.0,875.0,879.0,879.55,880.05,9777,8604211.4,869,5102,52.18,5,2018,-0.2664701213289544,Slight or No change,925.4630926427592,810.8726216429545,868.1678571428569
2018-05-30,LALPATHLAB,EQ,879.55,884.0,884.0,852.1,852.1,856.7,870.45,97062,84487574.9,2874,86298,88.91,5,2018,-2.5979193905974585,Negative,923.5394516522074,816.617691204935,870.0785714285712
2018-05-31,LALPATHLAB,EQ,856.7,865.0,877.0,850.5,855.0,861.25,860.76,498950,429476668.75,4334,476794,95.56,5,2018,0.5311077389984709,Slight Positive,917.6480890441104,828.8304823844607,873.2392857142855
2018-06-01,LALPATHLAB,EQ,861.25,868.7,877.0,838.05,870.0,870.25,855.16,46535,39795027.9,5596,22655,48.68,6,2018,1.0449927431059436,Positive,901.0152927373391,854.4847072626604,877.7499999999998
2018-06-04,LALPATHLAB,EQ,870.25,872.2,872.95,848.0,851.3,861.95,859.09,191012,164096375.0,3512,178339,93.37,6,2018,-0.953748922723352,Slight Negative,899.8491988650749,851.9722297063531,875.910714285714
2018-06-05,LALPATHLAB,EQ,861.95,864.85,864.85,843.15,853.65,858.95,856.09,36035,30849264.0,1964,25928,71.95,6,2018,-0.34804803062822304,Slight or No change,897.8446823947443,849.5838890338266,873.7142857142854
2018-06-06,LALPATHLAB,EQ,858.95,855.05,866.0,842.0,842.0,849.55,851.8,14257,12144060.35,1803,8476,59.45,6,2018,-1.0943593922812855,Negative,899.6996876890173,845.3217408824107,872.510714285714
2018-06-07,LALPATHLAB,EQ,849.55,849.55,883.0,841.55,878.0,879.1,867.9,36057,31293936.15,5177,18374,50.96,6,2018,3.4783120475545983,Among top gainers,900.5781245999611,846.1218754000382,873.3499999999997
2018-06-08,LALPATHLAB,EQ,879.1,880.0,890.9,876.0,880.0,881.55,882.88,14958,13206049.4,2120,6620,44.26,6,2018,0.27869411898531204,Slight or No change,898.6614942009224,846.7956486562197,872.7285714285711
2018-06-11,LALPATHLAB,EQ,881.55,880.0,886.9,850.0,858.0,861.9,873.48,380578,332429118.55,4406,360070,94.61,6,2018,-2.229028415858425,Negative,898.3222693077158,845.2777306922834,871.7999999999996
2018-06-12,LALPATHLAB,EQ,861.9,865.0,874.75,855.05,861.9,861.4,862.96,30903,26668024.35,2104,8157,26.4,6,2018,-0.05801137022856118,Slight or No change,896.5930138298139,843.9927004558996,870.2928571428567
2018-06-13,LALPATHLAB,EQ,861.4,865.0,871.0,857.1,866.0,865.1,861.85,92889,80056273.85,3341,60459,65.09,6,2018,0.42953331785466903,Slight or No change,892.305839144248,844.71558942718,868.510714285714
2018-06-14,LALPATHLAB,EQ,865.1,867.0,884.0,858.65,876.0,875.6,870.53,34137,29717142.85,2610,9601,28.12,6,2018,1.2137325164720771,Positive,888.3394089639651,846.62487675032,867.4821428571425
2018-06-15,LALPATHLAB,EQ,875.6,879.8,893.9,860.1,864.1,867.45,875.74,44072,38595611.3,4921,15215,34.52,6,2018,-0.9307903152124264,Slight Negative,885.593546813891,847.3064531861087,866.4499999999998
2018-06-18,LALPATHLAB,EQ,867.45,870.1,885.9,862.55,876.0,874.0,871.19,45894,39982276.55,4567,11435,24.92,6,2018,0.7550867485157653,Slight Positive,884.234180891398,847.8729619657447,866.0535714285713
2018-06-19,LALPATHLAB,EQ,874.0,876.9,879.5,852.1,858.05,858.55,867.42,10742,9317812.0,1286,5110,47.57,6,2018,-1.7677345537757458,Negative,884.0983839991877,848.2730445722405,866.1857142857141
2018-06-20,LALPATHLAB,EQ,858.55,862.8,882.0,856.1,880.95,876.95,873.24,24168,21104521.25,3225,13671,56.57,6,2018,2.143148331489142,Positive,885.8436705023927,848.7706152118927,867.3071428571427
2018-06-21,LALPATHLAB,EQ,876.95,881.0,912.0,868.35,903.9,902.1,892.29,51316,45788999.85,4134,20176,39.32,6,2018,2.8678944067506595,Positive,895.8712633662643,843.293022348021,869.5821428571427
2018-06-22,LALPATHLAB,EQ,902.1,903.9,945.0,888.0,933.0,932.85,926.99,194533,180331020.7,10417,49679,25.54,6,2018,3.408713002993013,Among top gainers,917.0062328908334,832.2866242520233,874.6464285714284
2018-06-25,LALPATHLAB,EQ,932.85,931.8,968.0,926.0,942.1,945.5,947.72,158339,150060928.25,11294,78911,49.84,6,2018,1.3560593878972904,Positive,936.4935958609309,825.1635469962115,880.8285714285712
2018-06-26,LALPATHLAB,EQ,945.5,931.75,950.0,924.2,935.0,935.65,933.75,87796,81979547.45,7082,56704,64.59,6,2018,-1.041776837652042,Negative,946.6390430000574,827.3180998570849,886.9785714285712
2018-06-27,LALPATHLAB,EQ,935.65,930.75,944.8,926.8,939.55,931.55,930.87,250329,233024448.2,6268,226303,90.4,6,2018,-0.4381980441404365,Slight or No change,954.6865238910218,826.7634761089776,890.7249999999997
2018-06-28,LALPATHLAB,EQ,931.55,936.2,944.95,916.7,935.3,934.1,933.92,49273,46017010.6,2823,27007,54.81,6,2018,0.2737373195212278,Slight or No change,962.1791760649563,826.777966792186,894.4785714285712
2018-06-29,LALPATHLAB,EQ,934.1,937.1,984.65,930.1,953.95,957.7,960.56,103628,99541028.9,7925,54066,52.17,6,2018,2.526496092495445,Positive,974.0189019619315,828.6239551809253,901.3214285714284
2018-07-02,LALPATHLAB,EQ,957.7,959.95,969.1,901.95,910.15,918.95,931.36,67297,62677469.9,5251,27819,41.34,7,2018,-4.0461522397410405,Among top losers,974.8394646516163,836.0248210626694,905.4321428571428
2018-07-03,LALPATHLAB,EQ,918.95,923.45,945.95,902.1,941.0,938.85,931.07,51373,47831665.75,5990,19648,38.25,7,2018,2.1655149899341586,Positive,978.0864629181237,843.3135370818761,910.6999999999999
2018-07-04,LALPATHLAB,EQ,938.85,938.45,942.2,920.95,921.65,930.1,933.27,38933,36335187.8,3366,6133,15.75,7,2018,-0.9319912659104256,Slight Negative,979.4956940743698,849.6900202113443,914.592857142857
2018-07-05,LALPATHLAB,EQ,930.1,930.1,939.9,915.15,920.0,920.2,926.75,58952,54633860.55,5708,20903,35.46,7,2018,-1.0644016772390021,Negative,977.3273695119667,859.3940590594618,918.3607142857143
2018-07-06,LALPATHLAB,EQ,920.2,919.2,927.1,905.9,912.05,913.2,916.75,34214,31365756.95,5413,11264,32.92,7,2018,-0.7607041947402693,Slight Negative,974.5085305999255,867.8128979715032,921.1607142857143
2018-07-09,LALPATHLAB,EQ,913.2,924.45,949.0,902.7,909.05,908.55,927.03,71932,66682909.85,6607,22658,31.5,7,2018,-0.5091984231274771,Slight Negative,965.1523321602253,884.3119535540604,924.7321428571429
2018-07-10,LALPATHLAB,EQ,908.55,909.1,924.9,884.95,894.0,902.25,901.15,85441,76995143.1,5448,18791,21.99,7,2018,-0.6934125804853863,Slight Negative,959.2920466917769,893.7865247367945,926.5392857142857
2018-07-11,LALPATHLAB,EQ,902.25,897.7,910.0,895.85,904.0,902.7,903.9,32337,29229563.85,4043,18556,57.38,7,2018,0.049875311720692934,Slight or No change,959.1984343772987,893.9658513369869,926.5821428571428
2018-07-12,LALPATHLAB,EQ,902.7,907.2,919.5,891.3,900.0,901.85,911.07,44165,40237616.45,5652,18030,40.82,7,2018,-0.0941619585687392,Slight or No change,959.2794952099514,889.4562190757629,924.3678571428571
2018-07-13,LALPATHLAB,EQ,901.85,901.85,930.0,892.15,923.0,919.0,910.9,55210,50290728.75,5944,22147,40.11,7,2018,1.9016466152907971,Positive,955.259887465937,889.690112534063,922.475
2018-07-16,LALPATHLAB,EQ,919.0,923.0,923.55,896.45,912.0,911.25,909.76,329658,299911090.95,3486,310279,94.12,7,2018,-0.8433079434167601,Slight Negative,953.0914384457263,888.3728472685594,920.7321428571429
2018-07-17,LALPATHLAB,EQ,911.25,907.0,953.95,905.1,913.0,917.55,919.95,405206,372770220.4,6009,311576,76.89,7,2018,0.6913580246913575,Slight Positive,951.511444469817,887.9528412444688,919.7321428571429
2018-07-18,LALPATHLAB,EQ,917.55,924.4,924.4,898.0,902.0,902.5,914.6,120206,109939966.5,4414,71850,59.77,7,2018,-1.6402375892321852,Negative,949.3470458661286,885.6029541338714,917.475
2018-07-19,LALPATHLAB,EQ,902.5,907.0,908.05,884.55,890.0,888.85,897.74,29334,26334294.0,4034,9732,33.18,7,2018,-1.5124653739612135,Negative,938.362236485013,886.7520492292726,912.5571428571428
2018-07-20,LALPATHLAB,EQ,888.85,892.0,893.0,875.0,875.0,881.05,885.24,24449,21643185.35,4673,14757,60.36,7,2018,-0.8775383923046665,Slight Negative,940.3000347353642,879.3999652646354,909.8499999999998
2018-07-23,LALPATHLAB,EQ,881.05,878.05,905.0,878.05,896.0,897.65,898.58,35070,31513117.0,5137,13719,39.12,7,2018,1.8841155439532464,Positive,932.9249431881893,880.8893425260959,906.9071428571426
2018-07-24,LALPATHLAB,EQ,897.65,897.0,934.0,896.0,925.0,927.1,912.89,73832,67400169.7,2966,58245,78.89,7,2018,3.280788726118211,Among top gainers,931.9253714888364,881.4603427968775,906.692857142857
2018-07-25,LALPATHLAB,EQ,927.1,932.7,945.9,923.4,940.0,940.5,938.61,57771,54224492.35,3831,44300,76.68,7,2018,1.4453672742961832,Positive,938.5263257538539,877.7593885318598,908.1428571428569
2018-07-26,LALPATHLAB,EQ,940.5,944.8,945.7,937.7,945.5,943.8,940.8,39483,37145556.1,2324,33395,84.58,7,2018,0.35087719298245723,Slight or No change,946.1882491114054,874.4688937457368,910.3285714285711
2018-07-27,LALPATHLAB,EQ,943.8,945.5,945.5,911.9,920.0,923.3,937.86,75043,70380022.55,5019,52127,69.46,7,2018,-2.1720703538885333,Negative,947.8778034451977,874.8864822690873,911.3821428571425
2018-07-30,LALPATHLAB,EQ,923.3,930.0,940.0,910.05,932.15,934.6,925.28,26638,24647492.7,3186,11929,44.78,7,2018,1.2238708978663526,Positive,951.7604257573621,875.6252885283516,913.6928571428568
2018-07-31,LALPATHLAB,EQ,934.6,928.9,943.0,921.15,937.0,940.0,934.38,39022,36461380.95,3624,10301,26.4,7,2018,0.5777872886796542,Slight Positive,956.2861155103819,876.4281702039029,916.3571428571424
2018-08-01,LALPATHLAB,EQ,940.0,940.05,941.95,929.0,937.5,937.4,937.77,48837,45797826.55,4703,23230,47.57,8,2018,-0.276595744680852,Slight or No change,959.3691062362791,878.4237509065772,918.8964285714281
2018-08-02,LALPATHLAB,EQ,937.4,937.4,947.85,922.0,925.0,925.7,937.94,94171,88326492.6,5894,34763,36.91,8,2018,-1.2481331342009794,Negative,960.0110724555861,878.7389275444132,919.3749999999997
2018-08-03,LALPATHLAB,EQ,925.7,931.0,939.65,908.6,934.9,934.55,924.71,33665,31130400.2,2406,6962,20.68,8,2018,0.9560332721183952,Slight Positive,962.1477010715707,879.9308703569998,921.0392857142853
2018-08-06,LALPATHLAB,EQ,934.55,940.0,940.0,922.05,926.6,933.35,930.73,12641,11765397.55,1333,3370,26.66,8,2018,-0.12840404472740374,Slight or No change,963.7286672175682,880.6070470681453,922.1678571428567
2018-08-07,LALPATHLAB,EQ,933.35,930.05,940.0,912.2,937.95,932.9,925.4,45999,42567602.2,4028,8256,17.95,8,2018,-0.048213424760279455,Slight or No change,964.6308037866008,884.0477676419698,924.3392857142853
2018-08-08,LALPATHLAB,EQ,932.9,938.4,944.2,924.0,939.3,937.75,935.65,41853,39159616.65,3166,6336,15.14,8,2018,0.5198842319648511,Slight Positive,963.0266705598988,892.6376151543861,927.8321428571425
2018-08-09,LALPATHLAB,EQ,937.75,932.15,950.0,925.0,947.9,939.45,934.69,46122,43109643.55,4166,13158,28.53,8,2018,0.1812849906691616,Slight or No change,955.0648431356465,908.9422997214958,932.0035714285711
2018-08-10,LALPATHLAB,EQ,939.45,957.0,978.0,903.0,922.05,926.05,946.02,150038,141939281.2,10358,26547,17.69,8,2018,-1.4263664910319942,Negative,946.755084410044,921.309201304241,934.0321428571425
2018-08-13,LALPATHLAB,EQ,926.05,915.85,949.0,911.1,940.6,944.1,943.03,418825,394965092.75,10449,366954,87.62,8,2018,1.9491388153987543,Positive,948.3583998652155,922.1344572776411,935.2464285714283
2018-08-14,LALPATHLAB,EQ,944.1,941.0,973.0,938.4,955.0,965.75,960.83,118739,114088550.1,9767,73602,61.99,8,2018,2.293189280796515,Positive,957.9238334542848,916.1761665457144,937.0499999999996
2018-08-16,LALPATHLAB,EQ,965.75,969.95,972.25,957.2,960.5,966.4,969.21,75320,73000913.2,5970,58882,78.18,8,2018,0.06730520320994415,Slight or No change,964.6551547787393,912.6734166498314,938.6642857142854
2018-08-17,LALPATHLAB,EQ,966.4,961.0,1068.65,961.0,1036.2,1039.3,1025.23,307841,315608912.85,18855,97813,31.77,8,2018,7.54346026490067,Bull run,1005.4591708787893,888.4408291212101,946.9499999999997
2018-08-20,LALPATHLAB,EQ,1039.3,1042.0,1059.6,1020.0,1040.0,1035.7,1043.12,131653,137329328.2,16236,64848,49.26,8,2018,-0.34638699124409644,Slight or No change,1028.8394189770172,879.5034381658394,954.1714285714282
2018-08-21,LALPATHLAB,EQ,1035.7,1032.95,1047.0,1025.85,1045.0,1043.95,1039.81,68339,71059728.85,9767,39590,57.93,8,2018,0.7965627112098028,Slight Positive,1049.6650859166707,873.5277712261858,961.5964285714283
2018-08-23,LALPATHLAB,EQ,1043.95,1036.95,1053.3,1000.0,1022.0,1021.6,1020.93,68552,69986450.85,8988,30356,44.28,8,2018,-2.1409071315676043,Negative,1059.957628594845,875.2637999765835,967.6107142857142
2018-08-24,LALPATHLAB,EQ,1021.6,1015.4,1033.95,1005.55,1017.9,1018.9,1026.07,22181,22759297.1,4470,11554,52.09,8,2018,-0.26429130775255105,Slight or No change,1067.036358155971,881.499356129743,974.2678571428569
2018-08-27,LALPATHLAB,EQ,1018.9,1028.65,1088.7,1016.0,1077.9,1078.95,1065.79,183309,195368635.4,13284,49775,27.15,8,2018,5.8936107566984095,Among top gainers,1089.625640126996,879.5386455872895,984.5821428571427
2018-08-28,LALPATHLAB,EQ,1078.95,1072.3,1084.55,1050.0,1060.2,1063.75,1066.85,39328,41957072.7,5458,14906,37.9,8,2018,-1.408777051763288,Negative,1102.4380580491118,885.354799093745,993.8964285714284
2018-08-29,LALPATHLAB,EQ,1063.75,1057.3,1122.0,1015.5,1028.0,1042.6,1088.82,131933,143651004.3,13190,45612,34.57,8,2018,-1.9882491186839049,Negative,1107.0975481207965,896.366737593489,1001.7321428571428
2018-08-30,LALPATHLAB,EQ,1042.6,1046.0,1069.9,1028.25,1045.1,1043.15,1056.8,59859,63259063.7,8340,26362,44.04,8,2018,0.05275273355076493,Slight or No change,1109.8884148501188,908.6330137213093,1009.2607142857141
2018-08-31,LALPATHLAB,EQ,1043.15,1048.0,1054.9,1023.0,1051.0,1046.2,1044.88,33658,35168536.95,6173,14411,42.82,8,2018,0.29238364568853203,Slight or No change,1110.6715458265317,923.0998827448966,1016.8857142857141
2018-09-03,LALPATHLAB,EQ,1046.2,1051.5,1070.25,1026.0,1027.0,1040.05,1053.78,32757,34518518.45,4678,19424,59.3,9,2018,-0.5878417128656221,Slight Negative,1103.3640699568296,946.693072900313,1025.0285714285712
2018-09-04,LALPATHLAB,EQ,1040.05,1035.55,1045.0,1011.0,1015.0,1037.35,1032.2,27225,28101524.7,4579,14817,54.42,9,2018,-0.25960290370655725,Slight or No change,1094.7514916159762,968.6270798125947,1031.6892857142855
2018-09-05,LALPATHLAB,EQ,1037.35,1029.0,1068.7,1015.3,1030.0,1035.4,1040.54,44597,46404807.8,7697,25307,56.75,9,2018,-0.18797898491346168,Slight or No change,1087.0291304218592,986.2994410067118,1036.6642857142856
2018-09-06,LALPATHLAB,EQ,1035.4,1029.15,1039.85,1000.0,1020.0,1007.35,1014.73,52871,53649899.2,11519,31884,60.31,9,2018,-2.709097933165927,Negative,1074.87487175757,1004.3036996710011,1039.5892857142856
2018-09-07,LALPATHLAB,EQ,1007.35,1007.0,1045.0,1002.4,1010.0,1010.55,1026.01,56691,58165398.95,8759,32676,57.64,9,2018,0.3176651610661496,Slight or No change,1076.088942796072,998.9824857753564,1037.5357142857142
2018-09-10,LALPATHLAB,EQ,1010.55,1014.9,1031.05,987.1,993.6,995.05,1003.07,37356,37470668.2,7141,20618,55.19,9,2018,-1.5338182178021853,Negative,1079.4025933994217,989.8616923148633,1034.6321428571425
2018-09-11,LALPATHLAB,EQ,995.05,998.0,1010.95,953.1,985.0,990.6,987.76,71356,70482263.2,12264,40608,56.91,9,2018,-0.4472137078538663,Slight or No change,1080.938164825375,980.7046923174814,1030.8214285714282
2018-09-12,LALPATHLAB,EQ,990.6,990.6,1013.45,966.1,988.0,985.85,987.45,46411,45828646.4,7080,29476,63.51,9,2018,-0.4795073692711482,Slight or No change,1083.7630767172022,972.7726375685115,1028.2678571428569
2018-09-14,LALPATHLAB,EQ,985.85,990.0,1024.8,977.2,980.05,986.1,995.34,41045,40853676.35,5004,20654,50.32,9,2018,0.025358827407817586,Slight or No change,1085.7262445201118,966.1237554798876,1025.9249999999997
2018-09-17,LALPATHLAB,EQ,986.1,981.0,993.45,966.5,967.0,969.75,979.78,15394,15082764.3,2717,7865,51.09,9,2018,-1.6580468512321311,Negative,1076.6053287110649,959.6446712889347,1018.1249999999998
2018-09-18,LALPATHLAB,EQ,969.75,970.35,985.95,951.3,955.5,958.05,964.69,22239,21453813.45,3537,9487,42.66,9,2018,-1.2064965197215782,Negative,1070.943518922725,950.2064810772745,1010.5749999999997
2018-09-19,LALPATHLAB,EQ,958.05,968.3,998.0,943.15,962.0,960.15,980.86,116995,114755449.0,8818,34859,29.8,9,2018,0.2191952403319375,Slight or No change,1067.6281107663503,941.7433178050776,1004.685714285714
2018-09-21,LALPATHLAB,EQ,960.15,967.35,975.9,915.5,928.8,934.9,946.46,43858,41509851.85,5797,27670,63.09,9,2018,-2.629797427485292,Negative,1065.8553126624129,928.0518301947293,996.9535714285711
2018-09-24,LALPATHLAB,EQ,934.9,928.8,960.0,901.05,955.0,947.45,937.57,36030,33780792.8,5376,18886,52.42,9,2018,1.3423895603807967,Positive,1057.2865199941602,922.513480005839,989.8999999999996
2018-09-25,LALPATHLAB,EQ,947.45,941.7,981.95,933.0,956.3,963.6,965.54,47655,46012664.45,6589,22010,46.19,9,2018,1.7045754393371748,Positive,1046.4994572424903,922.3791141860806,984.4392857142855
2018-09-26,LALPATHLAB,EQ,963.6,956.3,978.0,956.3,961.05,967.8,967.91,86883,84094877.6,6273,75533,86.94,9,2018,0.4358655043586568,Slight or No change,1033.9594472161218,924.9834099267346,979.4714285714282
2018-09-27,LALPATHLAB,EQ,967.8,968.0,1000.05,962.05,970.0,978.1,981.45,40165,39420114.05,9228,19305,48.06,9,2018,1.0642694771647143,Positive,1019.3660646560768,931.3910782010655,975.3785714285711
2018-09-28,LALPATHLAB,EQ,978.1,972.2,985.0,920.0,945.8,958.55,961.0,56372,54173354.85,8821,31344,55.6,9,2018,-1.998773131581644,Negative,1012.576814615117,931.2088996705966,971.8928571428568
2018-10-01,LALPATHLAB,EQ,958.55,952.7,964.0,916.6,934.9,941.75,947.07,33217,31458733.85,6450,19262,57.99,10,2018,-1.7526472275833258,Negative,1004.0043984704096,929.9527443867325,966.9785714285711
2018-10-03,LALPATHLAB,EQ,941.75,937.0,975.0,922.05,957.0,958.55,952.46,100823,96029450.6,8183,81751,81.08,10,2018,1.7839129280594612,Positive,997.8531736386664,930.8896835041902,964.3714285714283
2018-10-04,LALPATHLAB,EQ,958.55,952.7,955.15,918.0,927.9,926.65,929.95,26478,24623210.4,2664,18676,70.53,10,2018,-3.327943247613585,Among top losers,995.2618560043256,924.3452868528163,959.803571428571
2018-10-05,LALPATHLAB,EQ,926.65,921.0,933.85,892.3,924.6,912.1,913.61,29327,26793318.2,5204,13649,46.54,10,2018,-1.5701721253979397,Negative,994.899072165614,914.1723564058137,954.5357142857139
2018-10-08,LALPATHLAB,EQ,912.1,884.8,960.0,884.8,955.0,954.1,945.05,49807,47069943.5,7638,17302,34.74,10,2018,4.604758250191865,Among top gainers,988.3082648159707,916.1917351840286,952.2499999999997
2018-10-09,LALPATHLAB,EQ,954.1,948.3,965.95,940.85,953.0,950.3,955.46,29545,28229088.9,5201,14116,47.78,10,2018,-0.3982811026097988,Slight or No change,985.4847428157474,916.2366857556802,950.8607142857138
2018-10-10,LALPATHLAB,EQ,950.3,945.0,981.8,945.0,963.6,965.35,962.88,46524,44797191.8,2885,36582,78.63,10,2018,1.5837104072398356,Positive,986.6857623521855,916.0785233620995,951.3821428571425
2018-10-11,LALPATHLAB,EQ,965.35,935.35,970.0,935.35,954.05,961.3,957.36,11562,11068972.95,2086,6079,52.58,10,2018,-0.41953695550837056,Slight or No change,986.8610136936986,916.067557734872,951.4642857142853
2018-10-12,LALPATHLAB,EQ,961.3,961.05,972.25,949.95,960.8,966.4,963.68,9182,8848469.5,1429,4408,48.01,10,2018,0.5305315718298065,Slight Positive,988.5759558400306,918.8526155885401,953.7142857142853
2018-10-15,LALPATHLAB,EQ,966.4,960.6,1007.0,952.0,959.5,959.5,983.0,39402,38731996.1,4180,9695,24.61,10,2018,-0.7139900662251675,Slight Negative,989.365377759024,919.7846222409752,954.5749999999996
2018-10-16,LALPATHLAB,EQ,959.5,959.0,980.0,959.0,970.05,975.75,973.09,34763,33827596.55,5274,22132,63.67,10,2018,1.6935904116727407,Positive,991.7750394682788,919.1106748174346,955.4428571428567
2018-10-17,LALPATHLAB,EQ,975.75,980.0,980.0,926.0,946.0,943.85,958.41,42504,40736082.7,4842,27049,63.64,10,2018,-3.2692800409941047,Among top losers,989.8124508709865,917.6518348432984,953.7321428571424
2018-10-19,LALPATHLAB,EQ,943.85,938.1,946.0,919.0,930.4,929.3,926.26,53858,49886589.05,2735,48721,90.46,10,2018,-1.541558510356522,Negative,985.6076299147051,914.885227228151,950.246428571428
2018-10-22,LALPATHLAB,EQ,929.3,930.5,932.95,880.0,909.9,909.75,920.0,80231,73812799.45,7972,64482,80.37,10,2018,-2.103733993328305,Negative,987.7663645262425,905.7550640451853,946.7607142857139
2018-10-23,LALPATHLAB,EQ,909.75,900.35,912.5,872.3,892.5,895.6,894.92,82413,73752866.95,6071,56709,68.81,10,2018,-1.5553723550425946,Negative,992.7825212022724,894.1460502262983,943.4642857142853
2018-10-24,LALPATHLAB,EQ,895.6,890.2,902.0,852.0,861.0,864.75,866.45,110895,96085314.7,7055,77866,70.22,10,2018,-3.4446181330951338,Among top losers,1000.6026323837808,872.92593904479,936.7642857142854
2018-10-25,LALPATHLAB,EQ,864.75,863.7,884.0,851.3,866.05,875.75,860.36,84156,72404460.75,7325,65604,77.96,10,2018,1.2720439433362207,Positive,1004.7691778157077,861.4879650414346,933.1285714285711
2018-10-26,LALPATHLAB,EQ,875.75,859.95,902.8,852.0,885.1,893.65,874.85,27505,24062845.8,3608,13563,49.31,10,2018,2.0439623180131368,Positive,1005.7592741465703,857.8621544248576,931.810714285714
2018-10-29,LALPATHLAB,EQ,893.65,873.55,909.8,871.4,890.0,895.5,889.9,179163,159437934.7,7777,140056,78.17,10,2018,0.20701616964136085,Slight or No change,1002.7631061778914,852.486893822108,927.6249999999997
2018-10-30,LALPATHLAB,EQ,895.5,899.9,899.9,870.0,880.0,881.25,889.59,161154,143360378.5,4456,128613,79.81,10,2018,-1.5912897822445538,Negative,1000.4391096584598,844.9466046272539,922.6928571428568
2018-10-31,LALPATHLAB,EQ,881.25,892.0,892.0,862.2,870.4,879.55,872.7,75864,66206704.95,7551,28053,36.98,10,2018,-0.19290780141844044,Slight or No change,993.34649948576,839.7820719428107,916.5642857142853
2018-11-01,LALPATHLAB,EQ,879.55,887.7,890.0,866.0,869.9,870.05,877.92,40354,35427736.7,9004,18388,45.57,11,2018,-1.0800977772724707,Negative,985.9571905963799,834.1356665464764,910.0464285714281
2018-11-02,LALPATHLAB,EQ,870.05,874.0,890.85,870.0,884.9,887.45,877.65,166278,145934062.6,6176,143549,86.33,11,2018,1.9998850640767785,Positive,973.728233633137,835.086052081148,904.4071428571425
2018-11-05,LALPATHLAB,EQ,887.45,887.0,902.05,875.25,885.0,886.75,896.93,132102,118486030.2,2262,122506,92.74,11,2018,-0.0788776832497673,Slight or No change,961.2680225216867,837.1534060497412,899.210714285714
2018-11-06,LALPATHLAB,EQ,886.75,908.0,909.95,874.0,877.0,880.5,890.75,92310,82224958.15,7373,12290,13.31,11,2018,-0.7048209754722312,Slight Negative,936.6438984959836,848.1703872183014,892.4071428571425
2018-11-07,LALPATHLAB,EQ,880.5,882.0,895.0,880.0,885.0,887.3,886.56,3903,3460253.8,284,1959,50.19,11,2018,0.7722884724588264,Slight Positive,921.2367717804063,855.498942505307,888.3678571428567
2018-11-09,LALPATHLAB,EQ,887.3,886.0,899.7,856.0,856.0,861.45,875.47,62221,54472340.4,4641,31420,50.5,11,2018,-2.9133325819903018,Negative,909.7247082923301,857.3181488505264,883.5214285714283
2018-11-12,LALPATHLAB,EQ,861.45,866.0,868.0,831.65,842.25,840.9,843.64,97244,82038828.1,5193,71913,73.95,11,2018,-2.3855127981891044,Negative,909.0946410993824,848.1125017577597,878.6035714285711
2018-11-13,LALPATHLAB,EQ,840.9,842.2,874.45,839.0,855.0,864.8,859.59,83868,72091697.6,5862,55186,65.8,11,2018,2.8421928885717707,Positive,906.044719135139,846.7624237220031,876.403571428571
2018-11-14,LALPATHLAB,EQ,864.8,859.6,869.9,845.0,846.0,852.0,862.21,16928,14595458.7,1884,4309,25.45,11,2018,-1.480111008325624,Negative,907.3751371776929,843.6105771080205,875.4928571428567
2018-11-15,LALPATHLAB,EQ,852.0,846.8,872.8,845.95,852.0,859.95,857.03,40329,34563006.5,4510,6905,17.12,11,2018,0.9330985915493084,Slight Positive,907.3082574652021,841.4203139633685,874.3642857142853
2018-11-16,LALPATHLAB,EQ,859.95,856.0,864.0,821.1,829.95,832.45,848.72,64727,54934876.45,5838,19611,30.3,11,2018,-3.1978603407174844,Among top losers,907.7963135811409,832.1894007045729,869.9928571428569
2018-11-19,LALPATHLAB,EQ,832.45,829.7,857.0,813.45,841.0,846.55,828.72,69811,57853803.05,5044,29802,42.69,11,2018,1.6937954231485364,Positive,903.1754199233359,829.8174372195207,866.4964285714283
2018-11-20,LALPATHLAB,EQ,846.55,846.55,861.0,836.0,856.5,857.0,856.14,83680,71641670.6,4223,64203,76.72,11,2018,1.2344220660327254,Positive,900.7253421839928,828.803229244578,864.7642857142854
2018-11-21,LALPATHLAB,EQ,857.0,859.0,899.0,857.15,878.35,883.2,879.6,110923,97568202.65,7781,26907,24.26,11,2018,3.0571761960326738,Among top gainers,901.4971126341741,828.5528873658254,865.0249999999997
2018-11-22,LALPATHLAB,EQ,883.2,888.0,888.0,861.7,869.8,868.35,874.67,36405,31842458.6,5909,10347,28.42,11,2018,-1.6813858695652215,Negative,901.314885483528,828.4922573736145,864.9035714285712
2018-11-26,LALPATHLAB,EQ,868.35,863.1,878.75,863.1,863.15,870.1,872.66,15847,13829111.35,3602,6691,42.22,11,2018,0.2015316404675449,Slight or No change,897.8850942416075,829.4434771869635,863.6642857142855
2018-11-27,LALPATHLAB,EQ,870.1,877.3,887.3,857.95,876.0,874.9,874.61,27619,24155941.3,5084,11209,40.58,11,2018,0.5516607286518704,Slight Positive,895.1108334485679,830.524880837146,862.817857142857
2018-11-28,LALPATHLAB,EQ,874.9,875.4,880.0,855.35,861.1,875.05,867.95,66001,57285777.3,7360,22805,34.55,11,2018,0.01714481655046285,Slight or No change,893.9249134453745,830.9322294117679,862.4285714285712
2018-11-29,LALPATHLAB,EQ,875.05,875.3,885.15,865.25,875.0,875.5,876.77,87117,76382003.0,5585,52004,59.69,11,2018,0.051425632820989435,Slight or No change,890.7610048998188,832.4104236716094,861.5857142857141
2018-11-30,LALPATHLAB,EQ,875.5,876.05,885.0,852.05,876.0,862.45,859.4,415293,356901808.75,14618,375615,90.45,11,2018,-1.4905768132495667,Negative,890.8358984889318,832.4783872253535,861.6571428571426
2018-12-03,LALPATHLAB,EQ,862.45,862.6,915.15,861.9,900.0,899.9,890.53,93542,83302263.95,6129,26341,28.16,12,2018,4.342280711925328,Among top gainers,898.9218030435452,832.8210540993116,865.8714285714284
2018-12-04,LALPATHLAB,EQ,899.9,899.6,964.9,889.3,944.0,944.85,918.67,847831,778877779.25,10792,705919,83.26,12,2018,4.994999444382708,Among top gainers,925.1654454321099,818.0131259964612,871.5892857142856
2018-12-05,LALPATHLAB,EQ,944.85,941.1,975.0,918.45,964.7,968.65,949.66,105377,100072478.85,8830,20336,19.3,12,2018,2.5189183468275367,Positive,953.0786114490746,806.7642456937823,879.9214285714285
2018-12-06,LALPATHLAB,EQ,968.65,955.0,1000.0,935.0,982.0,961.05,954.05,100107,95507449.6,12043,52837,52.78,12,2018,-0.7845971197026791,Slight Negative,970.9866941911993,803.2990200945145,887.1428571428569
2018-12-07,LALPATHLAB,EQ,961.05,982.0,982.9,952.95,958.0,964.85,964.98,73184,70620790.8,5951,24332,33.25,12,2018,0.3954008636387396,Slight or No change,983.6751753018398,809.5248246981596,896.5999999999997
2018-12-10,LALPATHLAB,EQ,964.85,953.95,975.0,910.55,974.9,952.95,932.33,80466,75020717.05,12622,34729,43.16,12,2018,-1.2333523345597786,Negative,991.0304448557428,817.3695551442569,904.1999999999998
2018-12-11,LALPATHLAB,EQ,952.95,935.0,973.75,933.0,940.0,947.0,954.11,117357,111971100.45,5624,68525,58.39,12,2018,-0.6243769347814676,Slight Negative,995.7147513991054,825.5423914580372,910.6285714285713
2018-12-12,LALPATHLAB,EQ,947.0,952.5,974.15,941.3,957.25,964.85,963.33,32169,30989273.95,2740,6787,21.1,12,2018,1.8848996832101503,Positive,1004.5870761721598,828.3343523992684,916.4607142857141
2018-12-13,LALPATHLAB,EQ,964.85,956.1,975.0,956.1,961.3,966.9,966.03,55691,53799050.1,3046,7576,13.6,12,2018,0.21246825931491295,Slight or No change,1010.8121544098668,836.1878455901327,923.4999999999998
2018-12-14,LALPATHLAB,EQ,966.9,964.9,981.0,951.35,957.25,962.45,964.84,44187,42633357.95,3213,5542,12.54,12,2018,-0.4602337366842457,Slight or No change,1013.9139085207512,846.2789486221054,930.0964285714283
2018-12-17,LALPATHLAB,EQ,962.45,957.2,968.05,951.2,956.6,964.25,961.34,40000,38453705.9,3444,15171,37.93,12,2018,0.18702270247805688,Slight or No change,1015.6707011296572,857.2864417274851,936.4785714285712
2018-12-18,LALPATHLAB,EQ,964.25,961.0,967.9,945.0,946.5,951.8,959.16,20886,20032959.65,2442,7983,38.22,12,2018,-1.2911589318122974,Negative,1013.0458223071403,870.8756062642879,941.9607142857141
2018-12-19,LALPATHLAB,EQ,951.8,955.0,972.6,951.1,960.0,959.95,960.36,52324,50250099.35,4874,27273,52.12,12,2018,0.8562723261189342,Slight Positive,1008.2990611500611,887.6866531356529,947.992857142857
2018-12-20,LALPATHLAB,EQ,959.95,954.45,960.0,944.8,944.8,950.65,954.51,29874,28515160.9,2677,16754,56.08,12,2018,-0.9688004583572108,Slight Negative,989.1708611688254,919.4148531168884,954.2928571428569
2018-12-21,LALPATHLAB,EQ,950.65,950.0,969.0,944.35,956.9,955.1,959.12,55238,52979983.4,5351,22379,40.51,12,2018,0.4681007731552223,Slight or No change,973.7074467515642,942.7639818198641,958.2357142857142
2018-12-24,LALPATHLAB,EQ,955.1,953.15,960.25,933.2,938.0,938.95,944.56,23725,22409573.75,2684,9400,39.62,12,2018,-1.690922416500884,Negative,975.0746640224511,940.5539074061201,957.8142857142856
2018-12-26,LALPATHLAB,EQ,938.95,938.95,942.1,921.0,930.15,929.75,929.37,31094,28897848.75,3036,14862,47.8,12,2018,-0.979817881676348,Slight Negative,976.7353927155057,933.3360358559225,955.0357142857141
2018-12-27,LALPATHLAB,EQ,929.75,930.1,951.15,925.65,928.5,929.75,938.18,28745,26968033.35,5025,15382,53.51,12,2018,0.0,Slight or No change,977.9980768496998,927.6019231503001,952.8
2018-12-28,LALPATHLAB,EQ,929.75,932.0,932.0,906.35,908.9,908.5,910.31,599643,545859636.4,19649,561875,93.7,12,2018,-2.2855606345791872,Negative,982.3058984944697,915.24410150553,948.7749999999999
2018-12-31,LALPATHLAB,EQ,908.5,911.25,922.0,890.95,909.95,910.3,906.08,341688,309597505.35,20516,286162,83.75,12,2018,0.19812878370941697,Slight or No change,984.9008087379775,906.5563341191648,945.7285714285712
2019-01-01,LALPATHLAB,EQ,910.3,909.95,928.0,902.45,925.0,924.8,912.79,157587,143843938.05,4646,112675,71.5,1,2019,1.592881467648022,Positive,984.860248194669,903.4254660910448,944.1428571428569
2019-01-02,LALPATHLAB,EQ,924.8,924.0,924.0,900.0,916.0,915.2,910.93,94182,85793624.55,4481,50150,53.25,1,2019,-1.038062283737018,Negative,982.1842127298688,899.0086444129878,940.5964285714283
2019-01-03,LALPATHLAB,EQ,915.2,909.7,918.0,897.1,910.0,913.05,907.57,71756,65123557.85,3283,30624,42.68,1,2019,-0.23492132867133364,Slight or No change,977.8158570516289,895.6841429483707,936.7499999999998
2019-01-04,LALPATHLAB,EQ,913.05,908.0,944.85,908.0,935.45,940.1,937.58,156645,146866808.1,7745,102261,65.28,1,2019,2.962597886205587,Positive,973.5677808245315,896.7393620326108,935.1535714285711
2019-01-07,LALPATHLAB,EQ,940.1,941.0,956.75,940.1,947.9,948.7,949.44,158556,150539618.5,4061,116719,73.61,1,2019,0.9147962982661406,Slight Positive,969.6280713831517,898.457642902562,934.0428571428569
2019-01-08,LALPATHLAB,EQ,948.7,943.0,959.0,941.0,942.5,943.55,950.26,87968,83592234.95,4594,6376,7.25,1,2019,-0.5428481079371883,Slight Negative,968.0310533025806,898.8760895545618,933.4535714285712
2019-01-09,LALPATHLAB,EQ,943.55,944.05,960.0,944.05,951.0,952.6,953.61,96293,91826139.65,14038,56838,59.03,1,2019,0.9591436595834946,Slight Positive,965.9617648577882,899.8953779993542,932.9285714285712
2019-01-10,LALPATHLAB,EQ,952.6,949.05,978.95,945.35,971.8,973.6,954.82,231156,220711637.2,8092,166432,72.0,1,2019,2.204492966617688,Positive,973.1937473669618,895.9419669187521,934.567857142857
2019-01-11,LALPATHLAB,EQ,973.6,978.0,1008.9,970.95,998.0,985.4,991.98,124041,123046165.5,12557,33323,26.86,1,2019,1.2119967132292464,Positive,982.9610982712716,890.5031874430135,936.7321428571425
2019-01-14,LALPATHLAB,EQ,985.4,993.0,993.0,968.3,974.0,971.6,977.53,41108,40184238.1,3254,9178,22.33,1,2019,-1.4004465191800208,Negative,988.9266567364929,889.201914692078,939.0642857142855
2019-01-15,LALPATHLAB,EQ,971.6,971.6,1005.0,964.85,1000.0,996.35,981.33,65553,64328811.8,5225,14668,22.38,1,2019,2.547344586249478,Positive,1001.8887729529025,885.7540841899541,943.8214285714283
2019-01-16,LALPATHLAB,EQ,996.35,990.3,1029.0,990.3,1013.0,1021.35,1010.15,58747,59343473.0,7594,15380,26.18,1,2019,2.5091584282631585,Positive,1020.9045135014427,879.8240579271284,950.3642857142855
2019-01-17,LALPATHLAB,EQ,1021.35,1030.0,1094.45,1025.0,1079.95,1073.05,1062.16,242741,257829327.9,20729,58866,24.25,1,2019,5.061927840603109,Among top gainers,1054.1661187914497,870.069595494264,962.1178571428569
2019-01-18,LALPATHLAB,EQ,1073.05,1073.05,1079.5,1040.0,1044.0,1047.25,1051.13,57333,60264511.1,6729,20532,35.81,1,2019,-2.4043613997483777,Negative,1069.1856144002345,874.6143855997651,971.8999999999997
2019-01-21,LALPATHLAB,EQ,1047.25,1054.6,1054.6,1008.9,1017.0,1018.8,1026.6,68932,70765765.85,4754,17521,25.42,1,2019,-2.716638815946526,Negative,1074.8666017988805,882.3619696296906,978.6142857142855
2019-01-22,LALPATHLAB,EQ,1018.8,1017.5,1045.0,991.1,1029.0,1032.25,1029.23,137205,141216045.25,19892,47456,34.59,1,2019,1.3201806046329034,Positive,1079.7716324820055,894.1783675179938,986.9749999999997
2019-01-23,LALPATHLAB,EQ,1032.25,1037.7,1094.0,1028.55,1076.0,1070.0,1055.0,62895,66353997.7,4217,24139,38.38,1,2019,3.65705982077984,Among top gainers,1090.431493247487,905.9399353239412,998.1857142857141
2019-01-24,LALPATHLAB,EQ,1070.0,1074.0,1085.0,1011.35,1020.0,1020.55,1055.03,52842,55749835.35,5961,14885,28.17,1,2019,-4.621495327102808,Among top losers,1090.4352918184397,917.4289938958456,1003.9321428571426
2019-01-25,LALPATHLAB,EQ,1020.55,1026.7,1074.0,1026.15,1049.0,1058.5,1054.3,88402,93201853.6,7861,15825,17.9,1,2019,3.7185831169467503,Among top gainers,1096.600610700836,926.9493892991634,1011.7749999999996
2019-01-28,LALPATHLAB,EQ,1058.5,1069.7,1069.7,1000.0,1002.0,1002.05,1011.01,76974,77821543.3,14683,40072,52.06,1,2019,-5.3330184222957095,Among top losers,1091.5648797432377,940.3422631139044,1015.9535714285711
2019-01-29,LALPATHLAB,EQ,1002.05,1001.0,1029.0,991.0,1028.55,1023.3,1010.41,58059,58663445.7,11253,22597,38.92,1,2019,2.120652662042821,Positive,1087.2519091643053,954.7552336928368,1021.003571428571
2019-01-30,LALPATHLAB,EQ,1023.3,1017.1,1074.0,1012.2,1062.0,1066.6,1054.25,47716,50304733.6,6136,12799,26.82,1,2019,4.231408189191832,Among top gainers,1092.043961542404,963.248895600452,1027.646428571428
2019-01-31,LALPATHLAB,EQ,1066.6,1060.2,1085.0,1039.55,1075.0,1078.65,1068.55,28497,30450455.95,3609,11568,40.59,1,2019,1.1297581098818954,Positive,1099.1700261292756,969.4442595850095,1034.3071428571425
2019-02-01,LALPATHLAB,EQ,1078.65,1080.0,1090.0,1027.9,1043.0,1040.7,1059.83,61937,65642910.3,6176,38907,62.82,2,2019,-3.518286747323052,Among top losers,1093.1402076863217,985.3455065993918,1039.2428571428568
2019-02-04,LALPATHLAB,EQ,1040.7,1044.0,1063.15,1030.0,1039.4,1039.75,1044.29,30982,32354070.85,4954,17237,55.64,2,2019,-0.09128471221293566,Slight or No change,1090.2752591777635,994.41045510795,1042.3428571428567
2019-02-05,LALPATHLAB,EQ,1039.75,1041.0,1065.8,1041.0,1056.0,1051.85,1052.67,34647,36471964.3,3777,14330,41.36,2,2019,1.1637412839624828,Positive,1091.0969704244421,997.9458867184139,1044.521428571428
2019-02-06,LALPATHLAB,EQ,1051.85,1047.4,1125.0,1038.85,1089.9,1087.05,1096.91,93219,102252864.2,12348,33881,36.35,2,2019,3.3464847649379736,Among top gainers,1095.2312436413565,995.8116135014994,1045.521428571428
2019-02-07,LALPATHLAB,EQ,1087.05,1080.8,1109.75,1070.35,1082.0,1087.0,1087.61,218840,238011916.75,4953,188303,86.05,2,2019,-0.004599604434019078,Slight or No change,1102.810651469713,993.9107771017145,1048.3607142857138
2019-02-08,LALPATHLAB,EQ,1087.0,1100.0,1115.0,1065.2,1096.0,1079.95,1091.16,147531,160979739.65,11710,66133,44.83,2,2019,-0.6485740570377097,Slight Negative,1106.772822731572,998.68432012557,1052.728571428571
2019-02-11,LALPATHLAB,EQ,1079.95,1086.5,1096.0,1021.1,1021.1,1030.55,1047.56,35116,36786210.65,8085,17302,49.27,2,2019,-4.574285846566983,Among top losers,1106.8568483812408,998.3574373330442,1052.6071428571424
2019-02-12,LALPATHLAB,EQ,1030.55,1049.95,1065.65,1001.0,1010.0,1009.85,1024.86,38096,39043092.15,6419,15952,41.87,2,2019,-2.0086361651545204,Negative,1106.0424037381608,990.579024833267,1048.3107142857139
2019-02-13,LALPATHLAB,EQ,1009.85,1008.0,1048.8,1008.0,1013.8,1018.05,1030.64,81993,84505372.0,8383,56766,69.23,2,2019,0.8120017824429393,Slight Positive,1106.2479107048468,990.0163750094381,1048.1321428571425
2019-02-14,LALPATHLAB,EQ,1018.05,1024.2,1031.5,1002.15,1002.15,1009.7,1017.55,22768,23167589.2,4900,13950,61.27,2,2019,-0.8201954717351745,Slight Negative,1105.8550813570023,983.4377757858542,1044.6464285714283
2019-02-15,LALPATHLAB,EQ,1009.7,1010.6,1030.0,1003.6,1010.0,1014.35,1017.85,87664,89229089.8,3303,76205,86.93,2,2019,0.4605328315341106,Slight or No change,1104.4088067070095,986.6411932929902,1045.5249999999999
2019-02-18,LALPATHLAB,EQ,1014.35,1009.0,1045.0,1009.0,1038.0,1035.7,1034.54,134377,139018206.9,14554,38768,28.85,2,2019,2.1047961748903217,Positive,1104.2176366629353,988.6037919084931,1046.4107142857142
2019-02-19,LALPATHLAB,EQ,1035.7,1042.0,1042.0,1013.35,1015.0,1029.05,1025.59,109171,111965111.5,10674,74386,68.14,2,2019,-0.6420778217630652,Slight Negative,1100.9821331489666,986.475009708176,1043.7285714285713
2019-02-20,LALPATHLAB,EQ,1029.05,1023.5,1043.95,1015.0,1032.0,1034.05,1030.31,32931,33929107.05,7123,14762,44.83,2,2019,0.4858850395996317,Slight or No change,1094.281510430259,986.8042038554548,1040.542857142857
2019-02-21,LALPATHLAB,EQ,1034.05,1027.8,1050.0,1022.95,1040.0,1038.8,1034.11,43497,44980570.5,9815,28620,65.8,2,2019,0.4593588317779673,Slight or No change,1094.1536827406674,986.660602973618,1040.4071428571426
2019-02-22,LALPATHLAB,EQ,1038.8,1038.85,1056.25,1026.05,1027.4,1032.65,1041.37,131758,137209084.95,12696,110064,83.53,2,2019,-0.592029264535987,Slight Negative,1093.8069996882161,985.9930003117831,1039.8999999999996
2019-02-25,LALPATHLAB,EQ,1032.65,1038.1,1040.5,1020.0,1025.0,1027.3,1032.85,26423,27290958.45,5514,15611,59.08,2,2019,-0.5180845397763201,Slight Negative,1091.9760524470798,984.3168046957761,1038.146428571428
2019-02-26,LALPATHLAB,EQ,1027.3,1012.0,1025.3,1009.45,1016.0,1013.85,1020.99,117225,119685540.1,8871,102966,87.84,2,2019,-1.309257276355491,Negative,1080.0945072855072,985.7412070002064,1032.9178571428567
2019-02-27,LALPATHLAB,EQ,1013.85,1020.0,1029.0,1011.55,1012.1,1018.55,1020.75,29235,29841581.35,4709,16111,55.11,2,2019,0.4635794249642444,Slight or No change,1063.8924318386994,992.1647110184426,1028.028571428571
2019-02-28,LALPATHLAB,EQ,1018.55,1020.25,1024.0,984.2,1006.0,1011.3,1005.89,55903,56232520.65,10218,33976,60.78,2,2019,-0.7117961808453144,Slight Negative,1044.0834479020316,1002.1665520979674,1023.1249999999994
2019-03-01,LALPATHLAB,EQ,1011.3,1011.3,1024.3,1011.3,1018.25,1018.4,1019.05,36829,37530665.2,8157,26562,72.12,3,2019,0.7020666468901426,Slight Positive,1042.8949296027915,1001.6193561114933,1022.2571428571424
2019-03-05,LALPATHLAB,EQ,1018.4,1019.0,1024.0,1005.2,1016.05,1017.65,1015.0,55774,56610564.85,8425,37872,67.9,3,2019,-0.07364493322858934,Slight or No change,1042.4037423986208,1003.2248290299493,1022.8142857142851
2019-03-06,LALPATHLAB,EQ,1017.65,1024.0,1029.0,1016.05,1020.0,1019.65,1020.87,54226,55357759.05,19551,44662,82.36,3,2019,0.19653122389819974,Slight or No change,1042.416702502327,1003.4404403548145,1022.9285714285709
2019-03-07,LALPATHLAB,EQ,1019.65,1020.0,1025.95,1005.05,1006.0,1011.7,1016.04,47393,48152969.55,9216,31515,66.5,3,2019,-0.7796793017211701,Slight Negative,1042.1672079797017,1003.9756491631545,1023.0714285714281
2019-03-08,LALPATHLAB,EQ,1011.7,1011.7,1024.95,1000.95,1019.0,1018.2,1017.83,44975,45776815.55,9135,28213,62.73,3,2019,0.6424829494909634,Slight Positive,1042.0071015037306,1004.6857556391255,1023.3464285714281
2019-03-11,LALPATHLAB,EQ,1018.2,1017.0,1049.95,1012.0,1043.0,1041.2,1036.85,61961,64244240.05,11180,38712,62.48,3,2019,2.258888234138668,Positive,1043.7061497480115,1003.7724216805588,1023.7392857142852
2019-03-12,LALPATHLAB,EQ,1041.2,1049.0,1072.0,1041.6,1069.95,1064.05,1061.19,45934,48744844.8,3835,28673,62.42,3,2019,2.1945831732616217,Positive,1055.6171732272762,996.8613982012943,1026.2392857142852
2019-03-13,LALPATHLAB,EQ,1064.05,1070.4,1082.4,1032.0,1050.0,1050.75,1049.56,38443,40348334.4,7501,19472,50.65,3,2019,-1.2499412621587271,Negative,1059.4167210434955,995.4475646707895,1027.4321428571425
2019-03-14,LALPATHLAB,EQ,1050.75,1060.0,1060.0,1040.3,1046.55,1052.6,1048.84,8862,9294812.95,1896,4145,46.77,3,2019,0.1760647156792583,Slight or No change,1062.6810153596603,994.1546989260534,1028.4178571428567
2019-03-15,LALPATHLAB,EQ,1052.6,1058.0,1067.35,1016.1,1021.1,1058.95,1058.93,332569,352168249.3,9001,300084,90.23,3,2019,0.6032680980429639,Slight Positive,1068.2448847939288,992.3479723489279,1030.2964285714284
2019-03-18,LALPATHLAB,EQ,1058.95,1052.5,1090.0,1033.3,1090.0,1074.65,1063.01,26011,27650063.35,6288,13347,51.31,3,2019,1.482600689362101,Positive,1078.3255407336942,989.031602123448,1033.678571428571
2019-03-19,LALPATHLAB,EQ,1074.65,1080.0,1089.0,1042.85,1046.25,1048.85,1067.83,20606,22003662.75,3217,10996,53.36,3,2019,-2.4007816498395007,Negative,1079.9538492124493,992.4032936446929,1036.178571428571
2019-03-20,LALPATHLAB,EQ,1048.85,1057.25,1057.25,1038.4,1048.0,1050.25,1047.41,21612,22636654.65,2204,10042,46.46,3,2019,0.13347952519426887,Slight or No change,1081.564703420288,995.3210108654258,1038.4428571428568
2019-03-22,LALPATHLAB,EQ,1050.25,1057.0,1087.7,1046.25,1085.0,1082.0,1077.27,35594,38344398.0,5686,15507,43.57,3,2019,3.0230897405379764,Among top gainers,1089.3917737907623,997.5939404949518,1043.492857142857
2019-03-25,LALPATHLAB,EQ,1082.0,1082.0,1098.0,1067.35,1089.8,1077.85,1086.14,57455,62404263.5,7889,32220,56.08,3,2019,-0.3835489833641459,Slight or No change,1094.6274370562246,1000.8511343723468,1047.7392857142856
2019-03-26,LALPATHLAB,EQ,1077.85,1071.3,1099.25,1071.3,1084.1,1089.5,1089.83,22717,24757624.65,3346,9245,40.7,3,2019,1.0808554065964815,Positive,1101.2766685021231,1004.4661886407338,1052.8714285714284
2019-03-27,LALPATHLAB,EQ,1089.5,1089.5,1090.5,1052.5,1060.0,1071.0,1074.97,21177,22764557.55,4110,10329,48.77,3,2019,-1.6980266177145433,Negative,1101.7791792490173,1011.2993921795539,1056.5392857142856
2019-03-28,LALPATHLAB,EQ,1071.0,1071.0,1087.85,1065.65,1070.0,1074.1,1074.89,19305,20750813.85,2262,11490,59.52,3,2019,0.2894491129785237,Slight or No change,1098.9084616578796,1023.0843954849772,1060.9964285714284
2019-03-29,LALPATHLAB,EQ,1074.1,1088.0,1088.0,1033.0,1037.5,1044.3,1055.91,47052,49682550.0,7684,18994,40.37,3,2019,-2.7744157899636908,Negative,1093.594688935979,1032.126739635449,1062.860714285714
2019-04-01,LALPATHLAB,EQ,1044.3,1052.2,1055.8,1038.0,1050.0,1050.1,1047.44,22115,23164040.95,2539,9891,44.73,4,2019,0.5553959590156143,Slight Positive,1092.6267317013394,1034.3661254415174,1063.4964285714284
2019-04-02,LALPATHLAB,EQ,1050.1,1050.6,1087.8,1038.0,1042.45,1044.4,1064.77,58417,62200664.0,5702,18426,31.54,4,2019,-0.5428054471002586,Slight Negative,1092.950616599471,1031.2350976862429,1062.092857142857
2019-04-03,LALPATHLAB,EQ,1044.4,1052.8,1057.95,1035.0,1038.0,1041.15,1045.76,23586,24665230.85,6274,12253,51.95,4,2019,-0.3111834546150938,Slight or No change,1093.741998000529,1029.0722877137562,1061.4071428571426
2019-04-04,LALPATHLAB,EQ,1041.15,1045.0,1045.0,1020.0,1022.0,1022.75,1026.27,27293,28010107.0,3920,18354,67.25,4,2019,-1.7672765691783217,Negative,1097.509815990757,1021.0401840092427,1059.2749999999999
2019-04-05,LALPATHLAB,EQ,1022.75,1016.75,1039.65,1002.15,1034.0,1026.55,1025.91,25244,25897963.25,3692,10949,43.37,4,2019,0.3715472989489044,Slight or No change,1099.012023212054,1014.9094053593741,1056.960714285714
2019-04-08,LALPATHLAB,EQ,1026.55,1026.55,1045.0,1024.05,1030.0,1027.75,1030.89,19262,19857045.85,3718,13310,69.1,4,2019,0.11689640056500306,Slight or No change,1097.0414934914622,1010.1799350799658,1053.610714285714
2019-04-09,LALPATHLAB,EQ,1027.75,1021.5,1030.3,1010.0,1015.0,1014.75,1019.42,20422,20818503.9,4516,9448,46.26,4,2019,-1.2648990513257077,Negative,1099.3244108918436,1003.0255891081558,1051.1749999999997
2019-04-10,LALPATHLAB,EQ,1014.75,1022.9,1044.45,1014.0,1025.0,1020.15,1024.07,44368,45435979.15,8144,30637,69.05,4,2019,0.5321507760532196,Slight Positive,1099.9598565854997,998.0901434144996,1049.0249999999996
2019-04-11,LALPATHLAB,EQ,1020.15,1021.0,1034.9,1019.0,1020.0,1022.6,1028.65,15922,16378204.8,2494,8735,54.86,4,2019,0.24016076067245876,Slight or No change,1093.7423245929695,995.8219611213157,1044.7821428571426
2019-04-12,LALPATHLAB,EQ,1022.6,1028.0,1038.55,1016.4,1032.5,1033.65,1026.47,50178,51506210.1,5561,38265,76.26,4,2019,1.080578916487385,Positive,1086.966333664354,996.2836663356451,1041.6249999999995
2019-04-15,LALPATHLAB,EQ,1033.65,1037.9,1085.25,1037.25,1064.0,1065.3,1070.57,215832,231062598.0,11633,153417,71.08,4,2019,3.0619648817297835,Among top gainers,1078.7576305855036,1001.0352265573525,1039.896428571428
2019-04-16,LALPATHLAB,EQ,1065.3,1065.5,1080.0,1045.2,1053.0,1054.1,1063.65,28834,30669171.65,4545,11486,39.83,4,2019,-1.0513470383929469,Negative,1074.3027485656353,1003.0758228629352,1038.6892857142852
2019-04-18,LALPATHLAB,EQ,1054.1,1048.0,1073.55,1042.0,1070.0,1063.35,1061.51,34677,36809889.7,4398,12626,36.41,4,2019,0.8775258514372553,Slight Positive,1070.587635864315,1005.2552212785414,1037.9214285714281
2019-04-22,LALPATHLAB,EQ,1063.35,1057.1,1085.0,1044.1,1058.0,1057.85,1067.18,26645,28434880.9,4625,10686,40.11,4,2019,-0.5172332722057638,Slight Negative,1073.1343792106125,1004.6441922179581,1038.8892857142853
2019-04-23,LALPATHLAB,EQ,1057.85,1065.0,1100.0,1050.0,1058.0,1057.75,1076.13,47043,50624618.7,4251,22352,47.51,4,2019,-0.009453136077886004,Slight or No change,1074.680908798789,1004.1905197726387,1039.4357142857139
2019-04-24,LALPATHLAB,EQ,1057.75,1063.05,1075.55,1050.0,1067.0,1069.75,1067.22,17169,18323055.4,3011,9597,55.9,4,2019,1.134483573623246,Positive,1080.018493540666,1002.4743636021904,1041.2464285714282
2019-04-25,LALPATHLAB,EQ,1069.75,1070.0,1073.0,1055.0,1057.2,1063.25,1062.54,7704,8185801.65,1875,4437,57.59,4,2019,-0.6076186024772112,Slight Negative,1083.340519343741,1002.3094806562581,1042.8249999999996
2019-04-26,LALPATHLAB,EQ,1063.25,1063.25,1063.25,1028.5,1036.15,1039.75,1043.26,24845,25919913.4,3898,13264,53.39,4,2019,-2.210204561486006,Negative,1082.9502526985323,1005.1283187300386,1044.0392857142854
2019-04-30,LALPATHLAB,EQ,1039.75,1044.95,1051.0,1031.4,1039.75,1044.3,1043.67,29417,30701521.75,7828,18358,62.41,4,2019,0.4376051935561343,Slight or No change,1082.8976256367664,1007.7166600775186,1045.3071428571425
2019-05-02,LALPATHLAB,EQ,1044.3,1035.0,1077.2,1035.0,1071.0,1073.1,1049.19,225282,236363162.0,3420,210268,93.34,5,2019,2.757828210284408,Positive,1087.4137861291183,1009.6790710137385,1048.5464285714284
2019-05-03,LALPATHLAB,EQ,1073.1,1077.35,1077.35,1041.65,1043.0,1044.35,1065.9,153711,163841063.2,2846,125700,81.78,5,2019,-2.6791538533221466,Negative,1084.5042951694475,1016.8171334019805,1050.660714285714
2019-05-06,LALPATHLAB,EQ,1044.35,1035.9,1052.7,1020.1,1020.6,1024.95,1032.35,19890,20533438.7,3097,12336,62.02,5,2019,-1.8576147843155864,Negative,1083.5895633289679,1018.4175795281745,1051.0035714285711
2019-05-07,LALPATHLAB,EQ,1024.95,1015.7,1031.95,1006.9,1013.0,1013.1,1020.66,20113,20528506.75,3628,11587,57.61,5,2019,-1.1561539587296998,Negative,1085.7324036152054,1014.9175963847943,1050.3249999999998
2019-05-08,LALPATHLAB,EQ,1013.1,1014.0,1019.85,1001.9,1002.0,1006.1,1010.9,18048,18244734.9,4175,11239,62.27,5,2019,-0.6909485736847354,Slight Negative,1090.2289409141679,1006.4853448001174,1048.3571428571427
2019-05-09,LALPATHLAB,EQ,1006.1,1014.0,1014.0,977.7,979.9,982.9,987.36,60539,59773549.1,8169,37303,61.62,5,2019,-2.3059338037968446,Negative,1095.7071845469616,989.2356725958955,1042.4714285714285
2019-05-10,LALPATHLAB,EQ,982.9,989.9,994.3,963.6,980.0,980.65,980.71,30568,29978397.15,4618,19097,62.47,5,2019,-0.2289144368704865,Slight or No change,1099.2720386078236,975.1779613921764,1037.225
2019-05-13,LALPATHLAB,EQ,980.65,970.8,996.0,960.0,975.0,976.25,974.21,37187,36228097.15,6798,23772,63.93,5,2019,-0.44868199663488095,Slight or No change,1098.9526752805457,963.0544675765967,1031.0035714285711
